-- MySQL dump 10.13  Distrib 5.6.10, for Win64 (x86_64)
--
-- Host: localhost    Database: test
-- ------------------------------------------------------
-- Server version	5.6.10-log

/*!40101 SET @OLD_CHARACTER_SET_CLIENT=@@CHARACTER_SET_CLIENT */;
/*!40101 SET @OLD_CHARACTER_SET_RESULTS=@@CHARACTER_SET_RESULTS */;
/*!40101 SET @OLD_COLLATION_CONNECTION=@@COLLATION_CONNECTION */;
/*!40101 SET NAMES utf8 */;
/*!40103 SET @OLD_TIME_ZONE=@@TIME_ZONE */;
/*!40103 SET TIME_ZONE='+00:00' */;
/*!40014 SET @OLD_UNIQUE_CHECKS=@@UNIQUE_CHECKS, UNIQUE_CHECKS=0 */;
/*!40014 SET @OLD_FOREIGN_KEY_CHECKS=@@FOREIGN_KEY_CHECKS, FOREIGN_KEY_CHECKS=0 */;
/*!40101 SET @OLD_SQL_MODE=@@SQL_MODE, SQL_MODE='NO_AUTO_VALUE_ON_ZERO' */;
/*!40111 SET @OLD_SQL_NOTES=@@SQL_NOTES, SQL_NOTES=0 */;

--
-- Table structure for table `billable`
--

DROP TABLE IF EXISTS `billable`;
/*!40101 SET @saved_cs_client     = @@character_set_client */;
/*!40101 SET character_set_client = utf8 */;
CREATE TABLE `billable` (
  `billableId` int(11) NOT NULL AUTO_INCREMENT,
  `billableAddress` varchar(255) DEFAULT NULL,
  `billableName` varchar(255) DEFAULT NULL,
  PRIMARY KEY (`billableId`)
) ENGINE=InnoDB AUTO_INCREMENT=15 DEFAULT CHARSET=utf8;
/*!40101 SET character_set_client = @saved_cs_client */;

--
-- Dumping data for table `billable`
--

LOCK TABLES `billable` WRITE;
/*!40000 ALTER TABLE `billable` DISABLE KEYS */;
INSERT INTO `billable` VALUES (9,'dwarka','bablu'),(10,'NYC','mark'),(11,'miami','john'),(12,'sana','chang'),(13,'delhi','mogambo'),(14,'WDC','barack');
/*!40000 ALTER TABLE `billable` ENABLE KEYS */;
UNLOCK TABLES;

--
-- Table structure for table `billableitem`
--

DROP TABLE IF EXISTS `billableitem`;
/*!40101 SET @saved_cs_client     = @@character_set_client */;
/*!40101 SET character_set_client = utf8 */;
CREATE TABLE `billableitem` (
  `BILLABLE_ID` int(11) DEFAULT NULL,
  `ITEM_ID` int(11) NOT NULL,
  `billableitemId` int(11) NOT NULL AUTO_INCREMENT,
  PRIMARY KEY (`billableitemId`),
  KEY `FK3E6C8B44C9ADB5F` (`BILLABLE_ID`),
  KEY `FK3E6C8B46FA754BF` (`ITEM_ID`),
  CONSTRAINT `FK3E6C8B44C9ADB5F` FOREIGN KEY (`BILLABLE_ID`) REFERENCES `billable` (`billableId`),
  CONSTRAINT `FK3E6C8B46FA754BF` FOREIGN KEY (`ITEM_ID`) REFERENCES `item` (`ItemId`)
) ENGINE=InnoDB AUTO_INCREMENT=33 DEFAULT CHARSET=utf8;
/*!40101 SET character_set_client = @saved_cs_client */;

--
-- Dumping data for table `billableitem`
--

LOCK TABLES `billableitem` WRITE;
/*!40000 ALTER TABLE `billableitem` DISABLE KEYS */;
INSERT INTO `billableitem` VALUES (9,2,21),(9,2,22),(10,5,23),(10,2,24),(10,2,25),(11,2,26),(11,10,27),(12,2,28),(13,9,29),(13,9,30),(13,6,31),(14,8,32);
/*!40000 ALTER TABLE `billableitem` ENABLE KEYS */;
UNLOCK TABLES;

--
-- Table structure for table `category`
--

DROP TABLE IF EXISTS `category`;
/*!40101 SET @saved_cs_client     = @@character_set_client */;
/*!40101 SET character_set_client = utf8 */;
CREATE TABLE `category` (
  `categoryId` int(11) NOT NULL AUTO_INCREMENT,
  `categoryName` varchar(255) DEFAULT NULL,
  PRIMARY KEY (`categoryId`)
) ENGINE=InnoDB AUTO_INCREMENT=6 DEFAULT CHARSET=utf8;
/*!40101 SET character_set_client = @saved_cs_client */;

--
-- Dumping data for table `category`
--

LOCK TABLES `category` WRITE;
/*!40000 ALTER TABLE `category` DISABLE KEYS */;
INSERT INTO `category` VALUES (1,'Books'),(2,'sports'),(3,'Clothes'),(4,'Gifts'),(5,'Mobile');
/*!40000 ALTER TABLE `category` ENABLE KEYS */;
UNLOCK TABLES;

--
-- Table structure for table `categoryitem`
--

DROP TABLE IF EXISTS `categoryitem`;
/*!40101 SET @saved_cs_client     = @@character_set_client */;
/*!40101 SET character_set_client = utf8 */;
CREATE TABLE `categoryitem` (
  `category_categoryId` int(11) DEFAULT NULL,
  `ITEM_ID` int(11) NOT NULL,
  `CATEGORY_ID` int(11) NOT NULL,
  PRIMARY KEY (`CATEGORY_ID`,`ITEM_ID`),
  UNIQUE KEY `ITEM_ID` (`ITEM_ID`),
  KEY `FK232E51516FA754BF` (`ITEM_ID`),
  KEY `FK232E51512FF20E5F` (`CATEGORY_ID`),
  KEY `FK232E5151E1E112DD` (`category_categoryId`),
  CONSTRAINT `FK232E51512FF20E5F` FOREIGN KEY (`CATEGORY_ID`) REFERENCES `category` (`categoryId`),
  CONSTRAINT `FK232E51516FA754BF` FOREIGN KEY (`ITEM_ID`) REFERENCES `item` (`ItemId`),
  CONSTRAINT `FK232E5151E1E112DD` FOREIGN KEY (`category_categoryId`) REFERENCES `category` (`categoryId`)
) ENGINE=InnoDB DEFAULT CHARSET=utf8;
/*!40101 SET character_set_client = @saved_cs_client */;

--
-- Dumping data for table `categoryitem`
--

LOCK TABLES `categoryitem` WRITE;
/*!40000 ALTER TABLE `categoryitem` DISABLE KEYS */;
INSERT INTO `categoryitem` VALUES (NULL,2,1),(NULL,9,1),(NULL,12,2),(NULL,5,3),(NULL,8,3),(NULL,6,4),(NULL,7,4),(NULL,10,5);
/*!40000 ALTER TABLE `categoryitem` ENABLE KEYS */;
UNLOCK TABLES;

--
-- Table structure for table `item`
--

DROP TABLE IF EXISTS `item`;
/*!40101 SET @saved_cs_client     = @@character_set_client */;
/*!40101 SET character_set_client = utf8 */;
CREATE TABLE `item` (
  `ItemId` int(11) NOT NULL AUTO_INCREMENT,
  `ItemContent` varchar(255) DEFAULT NULL,
  `ItemImage` longblob,
  `ItemName` varchar(255) DEFAULT NULL,
  `ItemPrice` int(11) DEFAULT NULL,
  PRIMARY KEY (`ItemId`)
) ENGINE=InnoDB AUTO_INCREMENT=13 DEFAULT CHARSET=utf8;
/*!40101 SET character_set_client = @saved_cs_client */;

--
-- Dumping data for table `item`
--

LOCK TABLES `item` WRITE;
/*!40000 ALTER TABLE `item` DISABLE KEYS */;
INSERT INTO `item` VALUES (2,'series','\0JFIF\0\0\0\0\0\0\0\0	( %!1!%)+...383,7(-.+\n\n\n\r,$ $,,,,,,,,,,,,,,,,,,,,,,,,,,,,,,,,,,,,,,,,,,,,,,,,,,\0\0\0\0\0\0\0\0\0\0\0\0\0\0\0\0\0\0C\0\0\0\0\0!1AQ\"aq2BRbr#$%s3CSct\0\Z\0\0\0\0\0\0\0\0\0\0\0\0\02\0\0\0\0\0\0!1AQa\"q#23Bb4\0\0\0?\0cEa=YIhFmV1(FQ\nLtgm\0Vz\n1ݤl=aKن6?w;z~f9;j-V6\n	r}iRoIN-QCE,N.	A:L\ZP&D4GIG3FF<ووzalUvh5Zmbn,`X)\Z7Rj+?֪T^es#iY{bJb)$gF*t>v0>W*eg%,(QI%7\0	FS˦(NLQe8*Ὑ]>L2<㽨togI4$=D+q[:t;ElзqQ颶eRFnb7WIRlNPfWJ+s]mϕ}4V;_Iɯ\0Cg[k ;±Η|^qر-!^ϠR\nOO2_#c@p̷#MEbuw)+QD:\rǝ1\']!\Ztl39v D&*⡫$wW\nNQu-csЪ91N$&[U\'鼜\"8ˁLǀ\r\re1e?koew1{BG:z\0\'T\0	|vm^TV/GdC?i6Nof9~wzy\'&oO4&\'1%1~4\Zy?^֋:5Q1z2ևa|Nl`nYV`uu}\0/ZLeY}\\jB河Wהn\\בj~fe4,XuXΆyDrެ3Fj\'hFa`ڋt#8=\n68klп U#/7r\r|jvoNꤹ6bQ9MiM!)JSv>\0ή644jaCd\rWtQm>	-NKd*2QR?k\r;JOłpxgaV42j\nLm;Wd-MXWlBV\rL$t00FXw\0EUxЦteLr>	Og85J/sB{W]~e89	WN0en9V8⇤73ƚFJ[X_CLJ*.cO\0ɧrTy{hmr]f[VUkZƴ\02ǍQ.rN<{~gf1Bz+$/A5\'n|rɍF>Hv=zOٮV\\˕Î0M\'~I	Rvq\Z)@~KdQ{(&)7ެOm\0QE6mߒ7 a\0ID#/EFk\\\0\0]׿rI|M{\rhJHwqI\'Q8cP6Ѭ=7b\Ztzi;3(Ԫsw7IRz##Kh.MjVE57o%?PDf\nD|}UQ6H-OyTN=\Z:r\nw@}}O5\Z$T\'\\\ZWW-]Umyy)w+mF$;&qz\Z&+z[=Q|S߮~mm\0a\0N6?Ãr~{Csai(徿?,\0ḪҠ&tppBtlIt՜2og\Ze \0\0G*ĥRf\0ww\0jH^-VGƱE$I.ʯo8t]!n\\cqeuY*hZXjd/dtuOUKOFOb?9>-^;ӽ=oPC*i)lu\rlEZ\0RZyUR6t11B2icŻ?REs\\wT \\$s֟GEi70*9*k`ENj^R\0@o\"[pN^q&Qy<L*䔖g0=q̺F0oI,GD$cgiK{Ԑ.+p@B2Nfَ{t`gL\'9=zeVU-J(@bd~Pg)$}g-Xfdv~{#q`5kFuKeuӯpp4ƿ/fn	\'bbN̪5lj>\"$4[F{r؀/mmr\r/Z\r\0?(z>\"9Hb9]4*;=u\\-}-il	j[!V)[B2u j<%zpٝY=u\\ؤv͙|fUAq:hVj8W\"pud/cs8[pRBRg9*)7&mF眺-(䍥9T|VA\\YH\"?dbqe-\na̝z\'>l$2y29䉔᢫<Sc>ɡM	+Z[t\0t\0|+vȹc(خe]~j4kM\'d2|:d9SVx?-bͩ&Id{;\n.)\\X(䲑\'YdFY0W\"E\nq3\rV)\"	7Ű48\ZQ2b3uT\"IaYj_0X5\0j!EK*m.lVW/R{jMO}\ZD=و;qhp8%⺵[&1jq::\0M\\n}\ZVLh$=k&P\\UUb7\';\0edJ6,p1Irbm}ˑ4IX+.AfrtH.btB&QYm@ jR-.8Z߭!x6ZOHU*~MX5ՌIv,dY<O]aU+`Mn*Ӹ}ggD<)&iMOi;+2:8V#XȢ8={&Vv(	*,h٘e5խt)hTr~-`~@CneC\"\0/co\0;m,x_KlK\0![B2Bac$-DW4(U4xh,UA\0AA$@YKHNJ)&ͦK)[Wzj;jvǰp30h!ʂ-CegJliL+\nغtꤋy8-wB@{\\F`/ќVԸALVᵾ$2AAVU\ZsɊ0o{c5	UkR%Zu \r3,n%(7u,/k=bn.F;)&b	7Tnv68tk7c_|}bRR1\"K+\rD惡Y@o/e(U99&aIPU4ؔ6ͻ\\<4JgsTo-vixn\"Avյn߱96r(HM#y=e4\"q6zGB6dSm~9N*K&aiJJ6/5	/?lS8V`\0ErSE\"kT\\T9P r*ŘrAVq1͈hj\0\0rԓkge>鋑y~A(|i[1-EKW*`VŎ4\nZˣfCf\0eX|6-y	Ejf:;o*Z1DUh_aZeJFJ,SsiTnXaYeY)FbWl&YeUNP(躘\\؛]1PGSNr<Lh4眙xą\\$ 泬\"Y0,dơ,U*vV:\\R^Q[M**YZD\0u.4>62i4otD>oQ;Y)7#DP7;E\"\rW+u)\0In~.:aQn_41۠oN\'+SidЍY aN4cw:0Ur\'ܱjgP }osqM[5Jh4v,G\nŐ\"3s*g-PЋȤ#4pvr64	QH\rlB!>BMvEaenv/SRX^Ky,/$7J{Z-UF^@MRQc{2;\"_%Xe]	+٫2vF1)njOu*#V4ك{+[1ګm$2:J<IһSQZP..ɷx.W+p<j`ycR1N7&vɰӧj\";9Ti?g9X]	$HftSjڋ,on]xzI7-\"Z@K.E]\0?3qבk{[XZ|S?Iqfn[3Û;-*bzÒr|giͮ_ ]A:cj<KT!(3[Ð+,匛m/-Z9zӺ{)H-#ij/56a}9Bs37}ىn	Zps\nM0PɹB6.~fܜ>#2܌\\hdw&p`=4K2mo=hTOV)İApxR9U/\0j-.ElG1u4gme\"wjE3aox;[O4E%<SnIcלQ.\rX8z2W2ElOa8w\\oS}g\0J$->ҳ@9Mȝp\'4jnȣ+؉+9RS`)RY]M|cdw% \0^Tmdܹ~F*5^V]d߃SWyiv>WMhaGQYօ \0zE\"\rͭed4ƌElf9mdem|Os[it+q!$b$Dc\n=N+2\'\0It2G;C-s	_#UcyXlN՝fA8FQh|#G0GMXaUd5\0VLv/1Ұ9%\"\'1.GgM]!B(6Jy6:cǃ㸦7=o9{e}GHv	d+9itIb;K\0FlQnTy_3g29#)\"ΘθDl#(ǒ?A5 \0CiѮNi:1BK\"%.+\0ME::	uJkue ^~(%or9:]#350?{z8I]W]nŗ\Z\\yyLfd,9S5?i\'h?9n:YF6ϓbkf$G7b^9$IiuPu p卄C6n/ڣ/y]N{PZ&	vШ4&23#\'P\'%1T1!5ܖ6>}<jy9rzc<\0^rMOQ\\e=6Qgn(&+K3_aMu&aiQ$zjhnN2ϡɞͮ7V\'\ZB|]cu9±Ƒŗ.S^J\Z4N\Z\rUX\Z76rHKC8#noaBqG\ZC+aYfȽ1ǌ쌗u 7 nd6XeVGֆ7GڪP`7:XomKt^l9%Qgw.x`\Z%\\4l9{1u\';¤\rQ)\0;9n\0&#a8TY|=DzyTln9se#M6})O&8J=Z	&\\!3MN0{Z#ZtGcAո33ʅvqf\0EYV+RD@mN>< L:۞\0gEDj\n\n	Ʃ4UjFS:#[K鏒.S+̙@䔄p*{G@-\nGxzs8G,ݟQlYngHOR{0U.q\rՎGKX.*<\\n,>ST2qQJ*N}2XQp\'9RPx\0>R{rsI01~@v֟3<s\nh\0lxhM(kjM|\Zݟ^(\0ke+vq+1x夙DQPĲn\',i#,pL}oBVVH2ӋKw7HGhxRv\n.f*Ǒ5Uʊwo;GFɱᘂRgfXo:RMaJA귰h❠_(]S1П)u-K=Sq崴1djehԌ`H֜m6iűQiøyf\0I\rd\"Ё![F圵0]~-\0+/$Xyŝ0{gRm%\nOQokHͣLQ\ZUh6>vkj<Gm&Þ*\nԧpt6}<oX~=cAUb)=\Z+)3eԃ+ĤR94VPh5,9++k/&\ZyƭS=]eR!pm	Ma詊}S ӛr9&Z	ϫp^R(͎ˑYh9\n\"Xlr/Da\Z\\\r~\rOEw\r-N1F 1\0&6&FLu^Xt,90Cs*T+	Y9-?	)Ho\rII\ne_ut3c\'U3\'^rTI:]憁dX\"V@gIE#\r/~\"Ξ7)ƨ~$vooLOQvB\'{8tkd}3f\Z G(t*^ɬQ10C5AH1VEGxFɚ_(,vQs@{x\'V:\'>[N0X~7M$\n4X\"l6$ɐ|حg1kb|b`.!H-!-)/VKH\"$e#*6+-Qg;f_s/شj2߁,tA#qM၅Ӵ{/sOi8t<trX;h6Qik\r+;GʪΧYLkѕ^~GyT0g\nmIrL%\rjzvEdVWTJYMaBbQC>4X=qɸS\\<-ОVdekД{\Z,߇o\ZDW0945&/ZCc#\nv+uV<|dR,ƭɳC+=M cSt:@%4ـe2k	ӆDɳ3u\ZY\"5Bv-x777|zAl#=^+2{Q*|%AHBcNBV+CE`?(\\{{4#iX\Z9\Z:,_6HҳO-\0Һk\nُk9^WY<KI#.\r a	6c|\nOl>#O&S,oΤ[\rm!\0\nt-\r[=@c=ؽ\'ZĢQ^SXLzB jMa[~?(tԋ5v(Rdɹ4N^z֢nU\'OsUq!Bi>KYZotHowAD!ltF\\MD,d>Huys.Fq_8\n)3	tJ\"1U*^*9eaIPy6ũuFCNЎB.b\rZF,8Ҽ#!8iNs))*</B {m\"(^\'\\3O@P7eآ[RtBIBQg\\i=tFK&/5=s3[Kq֭o*il[߬,`i{3\\*U@AE`\"swfa\')3\0f;M#!.hi0a	j#md.c0K,&$FQLl2\0rTE++XcL9XJE)ߜ.@P\'b?	7%ಏ<3>1-^+Aq\ZU\"D|Iv+ސs4o:냞e{(AToǭF56wFx`1X$R.+r1,t/WMm\'C6πnn Ǽ:M%,Qc_t8nԘm1\\FjHtc1@&L2F{qoi?9XƷA̓-aMHWNc!d!Ki=Il3Eh\rd*4&c\n_99/c hA=fiH)0A5,fNbv\0ʎMXx22k9WEB=9ϲ*yND[	U{bRvɧ(vAb	 TNiTv&$]n`2D`	&xPJx,ry\ZVi*VMf55!rP+FJnc1Hg$\r,x{C\nA\\\0v&b1*\0\r-M)Ě% NP[63qNoimz?^Ha(1BbJ5h^^L5+u\\\nSCr<[\\9I-ߵs`iFҶэsο\ZJvy@|\r&\rniNբ<ޔͮ*<)6\ZPUw򯘸76xҶsa²Xt2m%i5}ОۂGK訷+ԓ[vgh7*u	M\'R_Q,n\0wUug[7qK\nN?Tw\r hq)8m$UvL馠2oqKӿ?`8wbzR!7:h9ʤ$6_F|vsĎlI$ܱ4:;MԸ$c|E&ǣkluS<St4hqg,kJ>p@Ro.-b>Vz,$ו*I;sZkKK2+M\n\Zc-GOoiůF}`wmΥo-{m-B>^3\0ʴ\0T=[ޟ/n~TG\0_Bw4qǞ`uq	\n&X`]=OLR3ab/r~CnMIG\\%RRo+ـkEԢyVu)f_evū^UԵ\"0Ɏx=i}:%qoak#+%-\n=_~9ɹg*2Ns9AĔ!N#4QX$Ac\0h-%\0DXqYh7Xo hI7\"	JQg`٣P^vl5зR;nC.ro5v2[Rz}OuU<>H(u&d	2blh)WrgM\rQcERiIuh{0h5!9:Bc\Z	DXrsHPyaLml	1DLx4 gh{݂Xj\r=w8,υȢ<\n\r\"Hxu_/gcσ','HarryPotter series',1000),(5,'Formals','\0JFIF\0,,\0\0\0C\0		\n\r\Z\Z $.\' \",#(7),01444\'9=82<.342\0C			\r\r2!!22222222222222222222222222222222222222222222222222\0.\"\0\0\0\0\0\0\0\0\0\0\0\0\0\0\0\0\0\0J\0\0!1A\"Qaq2B#3Rb$rCS%D4scT\0\0\0\0\0\0\0\0\0\0\0\0\0\0\03\0\0\0\0\0!1\"2AQaq#B3CRr\0\0\0?\0#:,a%\0JH\0؍h\0ZF4\0Z݈Xdd\0\'wPB݈n{I\0FwȣKB٠{޷P-	JHB\"|6z1ڀɽĀ]\"F.8\0htFY@dn\n⅒\0M)ft.d_D\0YqC.vCw;bo4v@ (%$IVDG\0Zn(x.)i6@#BHZY \0<BQxA\Z@	-ܒ\0$.$ A#@bjh\0 \0&Y@\Z4a\0;Fj	\0J%Y\0\04y!\0Ffw@\0,Z	!(#B$HEtWI=z6oTCF%f*fh1 a2o&T5GrMrD{m7tP\0zC;Ysr=*Pэi: 嚏-+<Um.\'5gw%?Bz΍\0PIMџ3t1yŉ0bz{4{^DnVnp+vplF1*/Us/>a;AJ@qPml61N\0k~8x\Z:uJa?MVG;G7ź`Gt. VbMht@D\0ܔ(@F\\!t\0h\"4\0!t\0.(\0\rP@@dDY)\0#\r)\0!dH\0% x\"V\"wU\0J4vEd\0C\0,QpJDPY$%@J!\0-V@\0HY-ށ;f/~(qPB \04@sY=n}@\ZMJ(2Mߊ=\0 (oQ=;#QToe<?Nܹ3>虧NwBMX5`t؍d45+2aé;Nw[\0hıVwMSQ$qsrUv3sߚO;qŽ\\[[qяu8eTJιfr!\\R\\\"Y.JdܚtS[f	\rEUvC[%8p5_${;d0y\Z$t}YX\",P͓\\F\'TKBPf0n r*j⚚Y#?uu>*Zlx}Gpvaĸ\0K^2j>e.A6=y67R T`S\nJ:\\=ǭ?g⻝=T5TSa{sa(XGtPz.	Q](\0!tWDrOE8_6\\Pq\"1!Lr<~cHo`Xjݴk_^81Zӡ9sHN[w&\'H	\0AϮf#$iw琹\\/ڝkVhvP;ˈ>kZ/Lfߔ<}c:S:B?6|xvJ.p/e\r}\rXKT^#4B5AEvڜ2~%)I2QWkn\\|BpISau\\ZB=t(yC\0C$H@A\0,A\0%d\0N|$H(_+\"	;\"#\0BYߚ\0j#D#(@dG7-$)%\09.M+j^vkp骞PLT;Լgg*Mrh>+5WU5s#pD̙;k=3w2k`8\rm\\NAr$I:#uC4}P0sAZP<H\n)!75q`-~@dmb#D,IKl\\&ŸV>#f9C3Fl	ax9{N*D,M)Ӛv FvͤNp73ToukAt#vq:2RxnB^5vE\n&M\0em+i63n	\\D燆{ť>gYJ>\"\'>\Zj2oٺ1N-?Yr\'BhX}u5\\u1!9YѸRCj@J(9GlAr;w A~=#{4wz\0tn2H/p6zX$D5.ސ1l6#RV9`[QQD۶\nz\\\"ILE=adQjЇ^g|*ڱʒam<AB|s][g,𿡖@\0g3iu\ro͉ZIQ;ei3-T{AѶF.dFפ	:LvWȅm{ZǾwgl{Z4N叶7KݺYb,\nxMƭ曎kCdlh{G_֤7̱4lzH,vIޡuƝF1\'9h\Z⍒PI hsq+/\"3=hlu2cVT_ #tnDة獛Lx]/\"\Z\Zm(\0(˃j)-65}V֞oXYl*6}ST/F)MƞA3do\nHY=/?ε6\"H3ꯣ\rbdCzߪZW|4ZvBm;\\@mK5:ntCDti\"-QQT\\]кHB\0EѠh<A\0#A\0$߱\'RB\0 R\"@!FID.Q<I\0uNrvino;uֽTǿƥL;g q_N*ik1g=g<㚧\Z܍VVV3pVE@B\\K-Nnn6FߨP6XN@|S̀~w[*8r%&4O665\0/ڭDĶ2sR\"clB[\Z\ZAޔ&HL#6߁Q҃pCG~\0d{S#οb\'bݳbϴo\r\'G&FOYS\0{`Oּٷʼ F]~̒={M;C5]\r{ſ\0r7A&Za`rR\"b=aɪ*$=\rp6&0diq4FOE&+)jiŏXߤh,Q\0L*qVB:h;,3uqǴxpJtgyj2Iǁ/hq2袽-qۣ0îXiCI47knWA#>KacNJ{\r}.k[WO<8~hZGkpčL\0=~k6pSbu\'.P%0i[aBt2S|s]ƨqaqDy; ][W<Žu):rKMym+AwA wdZ{\0RC\\iS5{EQ\\M]\0pv\"QdV\'7,o5<=ARIE: Yw#,o;2NܜXn9Kw	W7\ZoW,@}NɪM6bڜR\"k~\r0	wqzj\Zʊ7 WqVPu3\r3;]GиsX,;\'d7d(zY$\0Xo7q\0iq̓%M[W\0B#a\0\'$?QY3ǌvia(.g٪vids\0}\Zê\'K\'[t8ZQ{X$\nmbIKl-?PX}IýꟚ~ifVoLn*яLAۄ\0gTyϒ,d#PPdQ~Gٚ;T\r:<b}6z8򲄠\0Pi4\n#Y7iғ5&;CnÉo&+*r,\nL:fi՚\'$-\0ROi.a=NK\rRj^P`WXv&{A\'45X<%MlnK2ᤴ8sͶVnEMfLawCn(g0>?_GK0bx]prPݎF~W:ĉXPbx/?\"uD`K#\n`SGǻ7ƭ>YhCAh{9j0a7};}f\nawp7iУ`alRZɢBn9AٚIB(qK62؏}\0:l<%\0PB]\0!Ψ߽\05ڒR؅!(е\0&^SM8  I:%n@\0矪\'~)9Uh0z\\F*vpvgjW>\0f08v:zfqM&91$:-Vl֏j`, iggG2\Z4\Zr&˶-l]EѶu&2w1w+h\"d-b꒐;j	4%ٷN1Ra:+*PoNYKQ)R[\nx`\0:+Pl:.w>Jvd\"iH\0nX;RI\n(`=V581t\ZAw:h@(m\"VGw7mHq=nćbTi\'9_\0\09&_\rEG~-N/ܛ8cme/>QK$v(wؗȊ8ZEsuU$O`[[\'q^*;yVU~v7\'-p ؒ{XV)7Z~!2E!+\0U?/D#ڣuKKh~D]!Ԥ8Cn;&uFw_r;dLc?΄w8Fd\nSffS(Z~8Nz]TZ:-7IT(.cRl\Zf{j\"ѱ^tz4B?M=AAZrfo=rUcF m&t[~%I-l;ۼ:MOQ5?1\r3YEʖQS-Qn7E\\pS9euͩ?d&[z-C$u+ 7w]}TUwI`jI6ROby,+6$?]\',NË38UYbCml1:)\0@R6pzcYr;#\r\n&@4mN)9J̆|\0tږkipBڋ4_\nmۅD^O$u:v9m`0\'Y?iM㋢}\rfTBOGqQi{{m;[\Z枭_ScxMSV!ô%Ŀj1эÇSwGaTnlELBN,mؔ[!0bc\\3_aYHZO_\'W촓MU̔P-䪪v&Ln?-\"\0MII_9%_Uج}hj3#u41&̞FoH>J&*&i%};1wo<@Q X\r<¨v%-<5r5Sv٠|?:#Xn5n\",*[dsc5X5|@C6?~WlEx\r.v\r4dh߯;EuD1*:.AM`PB4*EE$U1=TrRTɒ{Uό0i\Z!`My=N#/FάО#w+Zi!JpuAUXdbPўIMle}=2B0U׶O˘oOqoA9\\](M	A.0A	H#.<(H\0C@\0fܖSe\0$;D!fiSS;!1w=I$}FF[kb8UPCO3:5iHU+fS,W\'eh	5Z)-֌+Tc7|ڼ:-{K]ύi[jИͷ#(z\Z-#{|UMyerIf3@J᥂rFdI\0.x*}N5MMDe\0s\0KmT,tU3hH[2թM|Q nCx\0G>bwۻ	-ٰ{RëNmH|;eaot۹ ؕ_-BkIhD:/\n\"ܭqcGZ0	to̥\0\r\rno7V\0	bY\\w!So\n<:;J}2 k;w~(sbchƥZzӂ̷{Ӻ\'ƵCp,3{XxWZi*-LR.)t`	$\'!տM.n`m{ \0_ MY,qaĪp]ط\0Fh|ssoKit;$2gpqNSu;~b;)wzF4m%c*NKl^ٜwFf{:I~1p]O@ۤw/Dl\\bi꼌{(plb6/4ₜAim!RR7vgZ\Z\Z8.I+CFҒ,m)GTJAv{UTa,w=nQAaN>1q5Cq6\0\07ňT,c?\nł\ZwݹѲx{,VoQRU\rX{`Ղ	rFt*ԡ?KOtV8w{e$<up-NK\r3T[Ӈ2ZRE\n{\Z9CLbD#euE%[\\,pKOZqb9.ӏPżu,?É=p~kQߊFHŎN5*c^xsꝀi5lrVn0=It,.4eBkjq+2v#E8ڂ\r7j\")6UBGk}Ej$ik7j}&4\0t]CO>[dcUT#HVAP\'Aǂ3E6ffv8z*6CnGB]/%xjNfϴ.\Z;F}S%j#ts-0޼\0i\Z|B))Zȥi{\r3*MEN-kC:H7GsvhvK6hkpSbL&o1P[YʕEܼbji+1\nW8liq+vy-eO-G3j0؄ͦ}WGA3\r5)8#յb\Z7nǟ\nт-`AUCQ:9<λo?BzV\n46{{ܚ:7)</pU8K7oxV(\\R.4w/,,6:♍?Kk+b- x(\rN4wsϊy+В\np\\rKta&fD\n;\003F#QdV@\r۹!\0Jt\0yo\Z)=i\0iܛկDcd[Q2\Z-M9E77kwukjdl/ukEt-dhꏀW)[e]6DC\'#TwW`OUs\ZZw+bq;MIDX{i21vc@ex<bԳA೔vH`ڝk\0QX8{KlCKx\\\rm..%5<\\d؍׻\n@*CpM\'NLDXc϶\"}ml)\rn|uz$Dk9ox)is2N7`jUl	&c#]6\"te߱oIN\0T:Wn edȱOz@wK3ASH7J9,Xyt|lT; AG$:S~QQ(MٶOq\0ӗw>\n-dr2\"n:]WbO=cykIaJ0TfW>_\0Ww\0\\@qTX&ڭ,{.	Uq@$vY)>4Cy6Ԣk[;\'7F*Om4+E4qa`to}|ͮetM+#x69w/0-5unМ95,.x _w+owk0MLjCw{VJ4+/5,*f<7[>jn\ZtttN#aX\0!J\0@iOp4ɦl[~N`hvumS1o53~Z#?֗}NktO]$`[WCTR9`n!e]MFtsax\0e$DbRe歚)\Z|lUeV+hE^WΑ݄p7?ߨ+NZ,Bl\ry^@I\r3TmU;5V%=71B愶IL:kީDI!߂hG\0L\'~d\0mȭ]=Co{\r/kZx<2OS5-}K6`\0r<Y8=ę\ZDZ*]\Z:Id\'k2%uM$2wgULDikq(ݥ)5xntP?dJȤ)kcuy}KoZr\0Nknkupn)NHizOL2gQZ:9HQjhd{*%6aU+st\n@Eg6;=<Uu[lmIQkUX\"\\S9|;~y\Z?;%ōFTצ4:\0FEmةųьAs+)$Lgx)c8>-\r|!@n85i[QU\0^;3\'X|4\n]E#w\Z;8WU:]S;\npKgvh壘nͽW{]F`Ζ<%ij(tŖoAb&UX[i0:(˛еi~7T8< Nm{<u1Xǋ4!sJ4;>/.3Yz̬|3G4l\Zݣ?]]u09#kxs,LVgIN]6#ߗTUt_ѼcWU2*Nik;2Vz$9f?ZU#މE\0\"oЧSr4ÿ1}9I1zrq\'$su63vwYXaޒtyeIӸ2Xf$\rpxzm]#k=	<U-4X)7`iYmٛ7\"Ҳ\\pOaaMSr;)Dchp9ȋEe+\\T0tGQ>˟mѺ,5R+XyQےyWw&3t8YwŮ54̽T%dsN4ZP}\0w1uwNu(Z^L#\04Bwd[?\")A#@9omnMESx#xmRegaLkld.\0iA/怍{%>U\r9D9\0J(!L{q|[mQᲲ[v1]Me>fQ_Et5[2rT2r\\I߻uAqmVDU<]$NES#IM\nIzj\\ņq\0*n6Zo%A`T\\Jl	˴LS\0\r}\0y?%qLph9%U!;ý\'etNp`%%v;#\0c9V߃K׶n	e~XQ`u`s_2ڵuk،rbPnL@OO}e[x/6/1*^l~juIo qn[5SD?&݄I\'{T=+\r,x~$bn$CܽTi>\'3ЩwɻjY?!vS-Dkl^Rb8n\"c6>F\0u32bஊsyv׵kn5EԞт:V;B4W}ERڪHj_%غΟ4aӘZdFфۊ+#sui\0b#/eY>!oI\\wƏ\r~KUQ84[iԠx!Ka;+Ghiq*J޼RE+{cp?Eb[-4p㪯~btUC!gܣ˶v^6MBr$7h[뒱AĠ-m],2z:0i7DZ,[cٮ@TԻJwj m+lw\nK~c*U!4UIіI$i&{/D{bvE4͐{u>:(՜;]p\n|-Բi͗Yit[R֖~|h_eXltψ1ewENǵ=#eVp.}na-!1gŃtK;K%a̍j37⑏iбl%#43B{\nMEP[CGB}WpxHֽ6$\noÿ5Q20?ФUVc\rC$26;@!k*_Ҟ\0E-5vWGGc}[HDL$ne)+,QAH)\"6-uOtsaMW	:;8 Ad:4/pH#g4T>ԚV0a\0{[ܯO~`J;ztS0ț\0{sϚl6%>џ<vh82J	!(\0sI;@]@dD#\0Mif%(9A)M%shإd~(hQ]tm\\w+ Fr;TG:Z~A: 3;y5RZ00kjϞ 6īqU/cp}kc_[b*\'gQ|R\'[EDr\'Q$1ceT\rxs`Y{Hϟ4#ө̭TRS.áQ9\\9[v*)(ߺwX6[#Ş{$S̔XSQ^DK!Qert$\'ZbCr@~fCt|~[@6ʉv&NdY܁\r\'2\\~Y0$\03#ɤ߹s)aΈHLrփrn<qϪw6K?gr3#A] a97jD#a&oL\\E~i 9/χ7IĴ4o\"FN\r@xM݃xbѶ<s(:8lk%F&&JޱLU\r9*~gtY`I6Wnd8)0toZ\0HRpT-/64o:Q0<9ئ5E_gd^DJ=+{<&ݑ;ޠ,,b[#\ZoP\"oE|TtOxc2@\r&kiu㟩[ՔzEK:M`\0dkftA%hr}>״ne1߯X}ttSF]9;VӅ?H<\"VQ\n`wEk򺵥x{dy-vbd$Q`b\0-Z|e$/Y\ZZ|Sg_7hk0{{[ZWڗ^r(-L;h䤖oB>svҲ3nvf\0kNʊxa$hp+MRݶ`}k]#sN\r;A-oWNaҋ\ZI-OMNRAEuKwENM~SշQBw]Z5) \niM2[IMOTښheJO(9fl/fGz	I->iKm3q*zk\0镞K \\55cĉڙNY.|\0_\"He[7קE|&-x!oaZ)KH&-z(aWBeau\rΉǄ-^՗ן~Jah4D{	K?qnY,RFp\\W.cc\r)avi	¢+\0GTq\n,2Jƌy׹c0Gg?/}M%KS]ՐX5M\\WL=<]#sQ0,\\NӃy&:v	#k<x^{o#:xY,hӨGdyJMA#`hP+%55>pgܜ+-oIQ)܆?w\r\'Ao3\0r,-̳VU-#$S<cV:,jiD߸VWӾx$oէ{,vnf!C,]vܜwwU%ru#KH\n:Y<L>xlc@d,Y\rdð-lHp\\S&M<4\\:<R#Uh\01\0#\Z\0@\nFCC B\\OR%};ZbC\0.{%_	H\r9n=tP\Z=ۑ94LQHfP\rvV^\0XXsޫiU7;gVv3I4B	S]p\0icǟ2H}L 2FH.@\"	[ӏh&{RbxڳVrWqvq+7׻Oi|8\\`\'qR`J+<1#AdQSD޶WL\r<Ь䶻EYSUQ>+Tf\0V̎x\";z%vmTe|1,[Hc6˛*8N2[g[D/D%)d\\:C}x=kEӭ	Lq<J\npt[EN=D%Dp*,㒝S#	nWvGO!S̒.Mֶ4Ԇ}=\0ß%w\\@^-8 ؀i7/n4\n5&gꝪx[/58r4)P_2RD14{sJigGs KpvH<L6z&`\ZflɺJr+v?E?ɣo乃r]+1aخ*ۥ=B57;kW{/T-\0_gމƲ&4Ϣ\\MGA3C^E/>3=>@.zOs#J2\n6%T<6s,Ut9$ j~7Go5[KDH]Ynd4#-f}]:\'Z0X)zS\'8cs?ElFK#[o1HIb+\Z%E\'s\rQG^܃\\#c\\pr:,Sm<N]{S-$1:F_+\rl\\utg^F\n!$oSڅe[J+(\'?ZPlU	b8o7z8Q^ۂ\0c|][๡\')\"ڣt;r?K\ZAIRch5oNᶰK8][B&Q6h ouQR^I9Thl:<#|<|2Yͬ#-fg):|NiO^fE$Um%-eskޟ2,\\YQT.JYۭ;VϕY	w|JMJ{.	La{֎l\"sa,U0J#fCKSS.7q<{o+ۮWBjMt@Z|;O=u~ѱxq3I%\\bxa킖66R-CA{ږAeTB(\"c	3?Sa3ΚWD,\\{<~nU-.ޚcûǹt)ᢦe<s]y>Y)nȘC#`ZpIQ;cfɥlltpk\Z.I?hkEL-àw⻴.8R9E$?1lOHbr\"xq.ΰ%\"VOm\0<z2NuΑ$Zd`	)<ehs\\,A;;3K;a?ތ;w$m{3)Ftef%$wlc%uvcgBlohZ}/95PY\0!֋p;Un;iWN7`c#ڏ#e|gႍS,\\A?-9\nA0CD\0Qf$9eH6R寧\0<|D$f<hPK}=\0x.-DF-%Ѧ*XmswG\\{q_ě8ZxK\"#__&\'\"7eCg]hGKku֊#)]G$ohُ%2Ẍ́M!ktCȦ	CPݞZXӻk<SX-\nt=FItÏ=ݫVSO7_641:V\0m?d9n:/k$-ȡ0@_ce6-VNtf!)EBw 	,\nSu\rcQ<ViX<PlM͒!TN[r8Wx=(̳U{fڵ@XwckI\0F<t77=rS\"ykNM\\Gy`Cws*S2ß%3\'#Ia$q?X!ܥ۝Ӣptߗ,r\nlݚEs#%6jb$n4Z\'4<@k2$R#p*vO=\0p5BT(69U;XsΈq&7^&T]Mp,[ak	\0s2Lghؚ\\]+CX#ftgwv1vNC-ɺ2jd$K03#/uH[<q0YhkGp\\apco-iv\0Rh]$i3K!=M,pwF{\\M\'q2MɵD`Z-o7\'dgZE#zWx?>	r0,-nb䜜mt_!$,;/c-sVvM}WR\"եעazaQՍmoH?7U{Ua3A{e6#Zzzia:H߈XmTҸ}{JTIz>t?Ś\'i3\0H&gg.gLw)1=Tei	\Zl2F%G~ׂF	&3,vĤvRTAXOoFzUBz3?Tf{H.Jl}_CL]ՙԿ3O\'ͶڪyiHD \rblx;\\4>iae3r*6\"IՓq;wybb@obNOt;CC|ZO1/{e6Jé1t\0:H޳?E6i0(\rME!A]{UT36G\0\0h{փ\nhht>Cq)stY/H;r|8d1pz{>éX\n\nĝ#/ye<<(k6=$+`[J80V3u޶r;cɶpRRҶo$\0I Ffˍֻym$gLÏ$*Ebw]tplenFz0\09\0QWGIG3Ԃ!*^D(qޖCxx\0 e<1CG$b^2DInAHUl7XJ2ws޳.1_XcO|wܮi*FopX2uφXTa0m	O;#$`)FUx3|x!dм>7*\0uab#8̽Ç0[QU4Rp9ktˌ&<ܥd:[8.R,#\0+pBvBFh$4P\\uQqQ:f;/?R:3\0zkH_U.(?ڸf-H\r_OkpO-6VbIdz2M/E[F.t7eI8vTmZ|EHf[\0f]\rzHM\nvy^j<^576O5,mxTFIvL`̕vZƪ\\3tp7 %~֖،GOQr{U她3U\0\nu!uqBVct6x\08pI{7H9% jhxp-<uJ<t7w_4UiCrn~*y\0S:qn)	&J׼.~\0:0ue@E\nR42uk\"17ۘNW&qv.\0|Z:8gYS\rC7黟:mL\0-~ťItr/=I sˍ#Ǜ%b\\|ye`{^\Z/V96n~4 9!{,X7N㒯&JX=m<\0LU>,(,csMVC-ŉ ei[%#29a\n*	u6:Y1Bil\n|<D]Vl8C*{TCO6\0(!ꩿX\'^ۧlM=o1rytφ_ru}τ[vZ!O2kud\'@Ee54PF,Ș<V{hGug\\nA4l%z.!nOCE%90^;C^le\'0<u\0b9h&%m=<٬aq>	6¯N^*vH5TS&ef*n/?02ݷ	F\"ui/DI%sȏݹ-3o/.{\Z|z:y#d5I=L@]ۛTҊXg\ZH|.deErb62ELOVf\\[jpM.`6]\0+G#e0ݮTzגaQ\"\\Ү7n:wEүCl}wF_n4׈KK;OkX5q١d7cp>+==Sm;dUH@};O\0nL dS{5/3YJ.hpډA{ch@#\0>*>l-.\"ǱkKZH=4^JH?3[i\ZDm9*Ee=\'2Nc<Vɭk\Z\Z\0\Z\0hbc1Ei*2oRV@@Ǳ8?w,~t|&8^YϑwFNӻ[Щ!d0669⺥(=%4tPRog|~Nw$Q#T%\rX+7\'c\\	76!w;)	8};W6oqw}9\\6v൴_J\\?U4`tB*btscvu-AaسxOm0:F:ofR2mC༧uklԇZHg/wijXIilM)ь\rAs*ڸo\0nvB9l0lNS{uk¨^\'K[JglRDôw姕۠T4mn%\rt>bGesK(yb!o<If`%YJ@<Hz De)ײ%Q6<;\\ShmHWkQ?\"\rFc[I d1B:fgn]CSb\0Rf^YR(dFF\08,)bwD&o$^c䜞nrSۧ<;w\ZĐiӴ:oV!rLLT.\'1YUL=qp_{.O\rH#.FRThu<aKsKpLM#TMyBu??߽FIf>kbeIѣ_Rjib+K:{{@7GX~*UM\\O4o\0[+	bA{\r$ERw%*1wYId]8݆\"Ey5ÈMdii;t鋙%ŀ5(YŦM3o[?n&v1r4Qw{#+{sK-{2Zݑv+Hif:׎Kgb>!h巓-H:Bt	nn(H+Hk\\7S%aϊT2H\0& >I{d\'K(k\ruR̒%,p6ޑ2NhF#sƋܟ>jUZmÆ-xUfef\0n~WSdS&\0,OhlStYu^6g\0o۠Z]aR4&HLl5\'GRFsI`{oOO)e<#eBp&c5ÃTg23\\)6a8{Q7G!a}ԑ2ƆwͶBUcW6❥zOuWnVMxDAy3\Zp&?79.yqoy	\"loՖwOeK/6烜rͿO	996 }ڈ=f혈xS8c$z:^qX8mEGR5lEYݳ{%lr6X嶬X;|쯂lOIIYkGaWx`x~#O:DϐV;cJMa{|}GzW8zc>>\rv!ፎ8wdkNFK\r]?lw;\rLٸY^V(\\;+\\/I 8XM:VJ:|! ˰7!N%`滎5\ZZJf{Pj.w)+a{h[mxGz:q6/I}vc/9#4X|&jʈØg 3MYB*Cl+Ib3soh$scx|nk^iX[Hl\Zl<\rTŰs5%Sc4?vI;Fmp4vWGO	#^YEUF=Pj]!u#K,QӲ#m)NCdvXZX(i;#`%9Nrq|=Ore9Yri?ǅCTggyU?N)^1Lx<\0Įw`ZZQ3{Vj>_%g,\n(jmGjaèYNjsVO-}TSzu`oi\Z՝N~\0qb%:jy&F8b61c\Zf߀9\0C-igIcQoqbg#}\rt*/M+\ZKdqi	!q6Vɥf͏S\\ci}Jnl,ls|NwԮl/TEcYvMZeү*^~IFKAkhd_8(\r<<AR[m,ݹO;,J90;9\0Y\rG}$HH>hHrQ?~Bw;4]qfRB?v}[k5ƙc/y9ܑuMz9\0usUoLfM$\rEDޮ{2-{4-k#A2Ix|h06P cI;tםoL4˂;R3Ѳ@/l|mqQ+)%eŻ+ID-#	9E8YFOgyDƝ1ttcEHQmN/p1\ncNAx0Q$qsnIH~(0_EdHiOa(CkmU5{	;\\H\'}-Le=ou#e~Ed9tQTP,c G9%I`*<Y	s\0$UEes[Oc,N\\y~hu69(>Qb\"sޞİ:Qͧv\Z@ςnX?rWV%;2g:z<MlRB~T2^S:NYWEʹڊ_J9C)R9ڰg>je\\:Kv\\U5Op0vo;4:	;êlsRMaa\r\rW\0(Mĭt;>䨓#nF@nә%atdc{~DgiXd=Mx>On<6\ZPFϹHZִOr-0wϢI\rWЩHYRc+[ԕn@*0XͱVg^{68\",\Z{ض2\Z{C0`^!}ݾ0)i.Gsy	{	8w#$3sooL߶+V5Q	fcA\rS36(=es:.!p3Uh&:47\'o8#SBiEk$VV-\\Mݏx%[WǈHȝ谛U7yfq77rQMjj{\r;9O3CIg8_E˱:	1M1a}2+U.>s}i;\\ѥuIxDѶFѓ@.yV_[J\06oZJkIX\r5D_:\0;oK5dzw	WkQ\riwE~llvݭ_-j0vLqX=uF80\0]8hA8z3E?LOuaeںh׎۶]nkŗlCFvɈ9h\0T9;]l5=>kQ@5|1k;^ޭ?\\N-rF7CΙӏ[&띊bh3INKRODhn!4Y\Z&b|i1\0Em\n~cau\'\0am7Dy;|]xbdQ8\ZƋ5\n>/GaIb:1˞mMt0JrLQ;q~gO<|2&b\\xu.@ bօ1u1zVŊ\ZfhǓWZGM\0ɬ^w Ó&>M֢omş@ԬtJWT\r>ӈvr3y.MP(<\r).z3i5w4SϚj\0+#B;eglR\0#\"=2OyyO?9眑\0H#B׊HE!NY%&Ê\0\"}\Z@F׏\\\n޳mnmk0[:G]pil\',[fC:u:Ɗ[Z6z($	Z\09\05L`t-9t\rMU#lDe!2^2KE:Zdb5&Skfb,[)bSiFƚo.CyME8wLy\'\rG؍6!ޕnǰ*SÔ֍\0~JuԩL`O9]+6\0h8Tu՜tܷBVv*_NǱ&=]خ6!)!\'x\0MMe7+\ZviQ*pZI>Ȁ8DZ\0\0XߟTh̋^_X&s\\Nf掵9ҍ]|۞6?Ο\\GӽU\'ohYZ4ѽru8rXBɴbm+ a,\\\n̶.~\nn	XHk&6gO\rI XXhcZV vO(m6-:\n\0/D&q U*/|Iԓ}9T䮖zs=GCNޣH\0TEyҊ\'EGO3\":ޫ;u;i\ZW޷`h7VH>bLJj2\'+B,вJ\"y/ִYuVT\00$,8ӱ$7\0N?T\\*]nr^I+F<6A5EN2I]tGk+%u<F:vqK#dYppfnF< @9Ei}\0Ǌ>:,KuWLH{g٦]CT\Z[u8^M.2rXܤ(\0e{}\\%2Ō_>LҨ%ciXKHN}/մXW{6Kj4SZ[E`zMTؼǞK95Tɭ\r͹ݦ/>YzNGee#Ӧo\'UiY~-\rf\0eqL\"[\0۶2Y\'~KSTX֕g貧Hm%\0v]|Jn`Y=meErǖgl8UI#\Z~l n!d˴S{>XlLe%v{!l`Q܋fSUdT;-`+e&٪|\Zl\"q\0\'劻mvİ(aq`\0Ze<2M)\r68\0.hc.ۓ-/p6pf}EjlTnUL~L؄>	:}WBT;%\0#?ΐӧ`3%epdR6,0g%hQlK#+H2{?37K&<z,iƧ?[ȡ)c&Z;\Z%sՏjک~v]Mrj %u;d1#˛s̛A(܍޹1jgi9:pmA>FΎlm$XX&=e䲂fsOO璡0o{2$rh×<t4BuZ</<@4y\0AIZI6#$ dL<)a@b]ęޥw^z\r6>z:oԷO=Nc2[nGJ\"GkvM :7\0ާi;2L]S;\re\0\'%,ˈW>\'}_V{R55ʭ4g>I&śXĳ ,R慢\roXe77쭥bd\rZŏ7(tͶ`S^}T.|f5⫣goEYFC=yUg7J)?(\0p:Zk^_{W3\\\n<}Wesן44d\r^=÷\\3WVC\"L?@\Z4n~=WVFOEwB~ek.7m6<t\nwdϪGDӮ5UK&#?zÚD\rͲ&Z|/\nA0;U\'urZ!ԃ܍B0GGOwTt\r\'VU\\HV{48pʪ?Ad\'cVr]toۜ@Uu3[&л\ns\'{32hֶ׻5W.?rCie럒e cndQ%&˱Yh04x~L)\0ݽ{wCduCy3\r{tnX8b,[p7MI6u@&!Rtmưy\"vmK𞋪2}UO)]]>H`r;\"\0_[\n1t#ⴡ$N\rbcwl@{[u-C\"F5 b\r\r6rSOU3MM\'{PEM\rsI<wGoob8LɯsGʣe;Isik/Ngh 5;G$cYnf}Wl4{3Y\\HpNG5;hpZZNov_RS)飈hƀ{oRccrю\'dd0\nwI\\ݻe@Ӳ\"k@=,Vo<JFW.ݴX-5SU\0AA`6m΋؋5{_uLa*!\'!YQ˦tx\"ͬ\Z&dΣǺ0n!7Z.e):17H\0Ko%ݩǖTBo{6F֬h!TֻCwm챫qRKL<rb;)VLA\" <?UZHޥ5;+O`0JLBєl\rIజI3qPba\\f_쫶u$ԸM`mdghtdi6ap]N/l`=#wfM|J:ײĻm4 _~[\0?U^PQ]Pyg괸51b0l{2!Jz+j`EWIx\nFMs,-bLI~TO$VM}xWe16h(#enGgwrzz7iv\r\'<ZJh:w\'wKGY7Z\0J,fj&=ߎK-έK,v2[ IP~KՃؘJ\0ɑ[EqVz.mD}j:oe%D,\0dnw,\'w}lS)(hHܸࣜQe=9\'5ɍjx(tS\0G#骘ܜ9*kCy<t琞nAfPJ~#}\0v\0%hC:#DKKIvhywr3}`>-YyX[nX|ys\Z}Ġr;V*ejTׇ3RB3kAE-{RMmokyԙo\rRN&T[ٞs\'TR)	0_Q~~*-7r]Nq6ӜMȵ](3jf@۳4_+O?!0tS#!n{TT<l:Êu\\c7*&n(-fE?ߺjc~Q>I!d؋5:v&)\\H7\r>駀k6bϧ~&{&!Cv+(*6MH{q_.\'?/$HqB\'<8BXRRjEo>	35UU4G7Kօ$f3Z8;9#!ßBTN\nvڇ.-Knƞ1M#(9k2\\Nl,ot1fuDYQ}&m5،UD rv.:^({/pGT	u/{mfó,fB޵{-u\Z^bx|/cTƖsI޸?4xIILmt0;.IY]7p(.npk롌tpiV%	s25\rT*;s[\0mW#I`}/>\Z}*V&TU֊6{<W3pR\Zaywj\Z,\nci9.Ht4s)`u@_>-N:7`n<=;ciD7݅3tX[fc[!q`vޠKAL[/-rRx7>]ƞS\'Qַx\ZzF#cX4kC~\nZ%iOpVl<[yDʍJ`tk|\n\0e0`Pow㲅ȋEWEmL\0<ly*=YW5;,)t-d^MkF=<$62oldz=VfcJ=lDx(f?j\nʷf#7ĕ!fv.\r:yle_X5G2<Cviq\\	?#m-tRROL{-{_*\'kzf>b$9+R0jJHcF	$6iq\\lxcA|o=$\"@x˩=ãs<?u\0)+YңFp6svoW	]yٹ6hcs݈斍~e g0\Z6z0矪\'b*x\Z54K+{flG%x\ZS6Gr+mQB?|hX\r-p.>eu%퐻$`G؅WtߑW7kۿ$&ټtbT\nɈ5ke=UAX-该Td\Z\0ef>n\r̫yfl_#[󿢃ql[4KF4\'&\"RCU}s05y.8CØY5*?{|Z5\Z~蜌f)i>)<S\nF,#矲  ;tA B=PL$ԝ2yOل\0olf͠Gr?pΩ$1<qZQ}hίi770.$ĐOzDW\\g:\rӑ{p;>t]\nbOsto7>|XŎjQ.(vjr\'m$bFt6\"fW\rG`O۟brL#F0ߺ]~6(5@_3|>*g:|өL;z0>q~QRg\\	N?!n~hK499VUMi@X|\';KV&]5kZ!ςͻE2&0: ϸWNudq=3r]U9k`|Nai*]#̓H\0؏R\\j$R\ZJwyǿ\rpyJ.]O>4\\[ןc&#j紛F,~\nx6qM>\"b-pN[4*kϨP۔ǁS<4<$6Ϗ>)0yLLzϒ̭h6G/Ms_R\0~WY݇E\0)\0+wtx}!`t6{KRqo[n쾷]fNk6	_Io{TipIEۺjjA^@Ԛ@<~eg펥谧LGZi/~k,^K4\0>*,Kt)+\"5W8EUEk\rNAs|S5`mGEJ\Z|~b&\\vkE	K̬o[4#y\ri$CDƫifkF@{JtPZ}-cr\0+u\0,n0D<y~eGL<\\n*đ3m\'?U\ZHު|\ZE5׿J{DCN`<6ӟjĨ`p;IDZ\0gYĳxX2@ 6#$\rIv;n[#-7AU:*5$fD\0Vkjd)\'O$f42Z>j&F#w@U*R	\r\0d񲃴}{}9)7%̕AT0^iF?t#PK{FչS|OcՃ1Zу-mwoDÀ3+8\\U\\~t\Zم.S96܍,>Sdp(OUznsR#nܟى\\a6^q@|s[6ch.}]f$xtwש\"LylaV3m!MOfwvV\Zϗ\ZO6?mxjdI`o$?7|\0JJؘz<O\0Pj(鯞G^Ct;?J82Ӧ]ŜE_a$oANe_?x\\NK}yjq\0%P)$ t3G~mFD	\'\Z#\0A	\'Je+BGig9v.Y\rpc4ވk9}Z\'-x}k\\w8 ؂m͔h@3>9;_SK	$\\lࡸu]M`#7JY&#KvAt\'-`ݨě!u|eq6h6kQ`:|qaLUiKI#\'u?TH*5^\nh;G>HnҀ% S*sJuΠJkZ6,*,mE79Fƅ+{bq޾`$=8dnwN.rsp\0ϖƸk.us#Ksڷ1SQf1e\'^!`q~vd<u9hpvs(rf2*Q!͹U\n9W,xF|tow<ױh&NWZ6ܵS6\Z?OfMGq*𞶏	`q-x$rw}Sc%6UH-SWl>gl\Z*\nFRu]G90,)?h!+:u]y--A/4%Ȇ)1C2;광MACG;Z\Z-<x3MI_4tU%{,l`&a#v/ַhmFm%8><e/b0%#X?uںQu:!l>y\Zxٚ̋ƌnpj#oSGEtWiZ!H;#?t&,AllװuX\0ZkC0UK\0CHvRy7?E1	\rnw4y҈{mZia9.R7T\0+]8\0+Gmi%Sl{\rF)[VN7YQe/F%/٠t\\[w\ZI+ƣh*\rd40:x&44y.o0;G=GyuL]z(&\rK\r5?a绳?nrmN%\\ˌ>hzx4G3ȳq&aGSSq5$,jK|܆Qsvzfd-eNEWt\0c_=4sYl=9^zz./ݓ̋@& I]\Z\\|=e]t?Tt.nr7VA!x~82;O|FyvfVlY+շC7Gk\'])ѭ.6N/i8_kHKH&70ĸ-M?sxG[t0dm%jǷ\\ʝ{yhqYvja	F~oP+:إ+\'aSz#c>7>|/	9>enyL<)Z\0$4% wsrRD2L@eG?d3?$\0GO\ZE\Z-\niҚ~hsϪ1al<|@.PɲUC\\|d܉k8;zַ\0#<Te1nrZ%a4V\0TeR$곥u9X͔Iv褗f[u*I-t4?dRmK<|yQ\\M\Z\0/b+8~Տ\rWa8X<q87o$	|Ht	8n5Pi\r}9\"n4\\S67 lmU>*ɠ,npu_yvs*Ty&Ru$\0f{5E:,\\ksUxfގۿ3éy\ZsBcr9Y\'cN%]ڇB|*ƗSϚWsIN0\'@+kϒ6^n#^}QtTNENPTR!O52[-lvc`dCF#\nn$u\\Bꤨ6왬u\0dwzM\\hh\'k\r\\\"h}SuK	#Yt7g_AWōp͡GAIHRƤISS-r/UGM=5]d}\"%+AO|;t2WDR&؜oh)oZ*,J8ED\r`\rl5>Jb3l:{qTK&ʲY꼠C/Y-ި <\rij$A͈9B{uWlF^wê }Rar[-z6Zg=\Zd,!!M\\:^׵Ŏ0H\\9kv~Vqg-p{\\$@vͤ#ݘýga|H{?}?V%\'/[wt!tx;\"YePQW?hp8=чϊ?vEG*}vh9zm7T;gP##쳣HpRe?KI19}e6*\rՅ[C2ENMr*v~PBz-AU̀<8Ǻ8k>1eO	>gҜ\0̓<SQ& K0;cSq@[[lf\"bmysD\ZZ|\rPc,@du]4!óPmlAK39Olg}GZezrnacwk=`-3swϚY{648g{f\ZJSn@|Ovn Eeoa1M#Ӧo4a8d	%NsB0\Zz\'[%vLlUv}wH|LJlD!o~v{)ꮝk[z\"ue7^_{\0\'Ua(B>.$R\Z9g>jKrX,%ڍ.\0j3= PC)CDӒ~y$8ߞ~uKNDRm$]>QnM3ͻ4	yPw-ǛA!ŭWq:IsnnwuvRH>>K:^Mj\\y\0kSVt\0\n\r;孨dnn඼SaB6<mV9pkdQ[t9N2vشKmݑGb\\_ޘeAѧllXm_tr;oRZ,@BG \'t;+Rl T7/͒7nkϒ a>XI$9,	0k۟ XV-uӼF],}Q7o(299+ݐ)mtg_ӹEꬊ	+&(kgeq\'\'_a>\n-#j؆WDM{{Ը9)\'F.?ebg,K7\"505R))歩\'I<WQ@w9L bDΔ>R;.>vYA&ubT7k\Zl]mlzt\Z&:aYM5!?\"=_.`\0]>jkfX,jԓN#awrbKJZ\\ii}!7c7gjgbh\0UU5>9ބ(^IojU&5qs]\Zh`VL&X0]s+ѱ\\n**w..iB3[cYݱa,:Νy~3\r0q݂+;?:XoSvE0\n2.fV&RMcverWꍎ8Bjg#aqT;-Y-U4xɎ;^V{.z8F<5?EQ{Kr7}E~6\0Pȩ?(܏n0X4\0#\0vZZ2sS/qG1GSѴ+pƆ1\ZemەN\0>r#<+WSBl-\\huVԶmV^6[1gE_7W!3b#\r><6R2q0n/*m>-7)Ն\'H|\0e/` 0$pJv/fS_ INA.>H;7lױswrB;c6r7Um19GyfL,FATMlctkС!\ZH~fIs0k\"OK>	0/H%)c07xO<م5]r}J2[q+\r\\>Je`emRW8p_USd`|]n+Cy6`{[ZEyHM˜nVZuzA.49Uuj<.I=djpډ7J\0k\Z<)^\0CY^%u_nQH\\c;ӟf1m~|HӃ?t.H@#F gH Dwbe\0ĆyVMG&Cž3 |֦CXĉ6mUE])ar\Zn8ҋ4ظA\06rLW{)[lYȻpțJ۽r*w~ݺ{y;G>z.E*9j[VXʜ}j*bHty\ryK/ςjC9N5d.{VE=T*XZ~eKq]JG)#q9>Z5L\r@9iϒ@_UcbAb`BBu{IFofMv`\0$e*\"f`7JHfs2-NKFy|:#VR\\h%?ӞB=Se |X5\0O\rty*<~J\01\0irѥNwz2.3ULڨ\\yq\\ʣku*)8h\Zw9(E$d~*C6u{;duB͹sS1ͯM}=kqɠϒ-AMH_boǻE/6iLiph	\'RFl%D3+~ꬶCg	fͻXƂlOI]S&&}WJ`}<\0[<D[Ev#E}!\0|c=auũ٪*!mG-A%xҲfin{sQ\'aqj]5gFCP-ҿ/i\0^{AY	!qki *w[{]SL\"`lC|NAavJIS`a[iʠc`cC\Z,ր\0NYdYfojwꩩCid*kkݾ\0gvbs72ZLQ\nFk/y8ӦfloKUPGᚨ:,HuZ)XV5̨#ydfND5$G)?hq\'8Gth%s\\-8C2;ˬO`R^p\'%s./$Hc?[P9,=bk$5\049fUxȁh\Z~ԭ	OV1sxFu5{ݹ_]lխؑ{m&`\0Ԓh̬^Ϳ_=OFQRؚ~kX%A)7swSGY:RLkNofdb6X\Z߱q[Qn`ҽ~\Zʙ\roOO\'j=[\"uII5{=]\\x,;F\\W.\r<x|~Gw|@@]ZHp\"!ֹX1!o[xt%sm۴\r\0я,_ߤ>J=\'4zukmM~k\"bD:.Ǚ#v[{xT39e Ic3=*xE!BgxyЖZH#矲\0$Yv~|d3^(-ځtEmP9\0sϢl$;D-dvg*vU-$] ZU^{|Q\09K4Ҽђx	jah4K6\rn6޺x/#5,xQC%VĖ嚣%1etM\']NCŷvC/OQU\r\05_-M4\nUxSy.Z7N6l-ϢFC\"\'3e#w+ϊpf+qVGI^MTHEȡ<g{YG	B-д*`\"ė\\. i^G+bȏ(L\ZyȲN ;	oKÀxͷ62E<Si?$Gȿ~t0ݶW?D=uW#1ü[17Z\0!0Z&5E|8+_xڥ@oQ⟦ⱎ&`\'ߵV7r`㠐߇x(XovUS FϚwwNv7͠;*w_,0CuuHX-%oh\Z*\'t\0B>KsVMI#z6FoINf\Zɞ{EJrw%kE\'$=sɢ,Su^ˁ89o%aE:8N)9ىj:GxE\Zciw	j-Սr܂QDcҲ;؍%k*^Q6}=\rC\"sEɺƕEMSW.(YIK<B̌X_U%AJ	s8Mk8|mN\r89%ccKQR[bn/Y0x9c>`s]ӥ셙(Gc	<W-M)\"t\0r\'%r>}^QBX%oH#;\\mC)zfh\'%uVUTのc]ئ*b6@dc$mN)ph@¦ڹwi7/,nCzZۿ%GoCS{.N,\\ULhdmct\0\02{Hm@2>?UNFOxh=Dy6F\\G!Qo|MTt{!fEYllbf\Z#ogP!g4.zQ4i\n8#yt\nl$6/֑O>nFWoDCl]s@k8΍+`5GNo1oV\Z6)chƆ$\"RD2,mĚJp{^GRc9οfnx|8atqlb+Mӛ~O6/V\"mQSS9pEبKj\'94kf7pc`e:\'rUޞޫ\ZpKrY0;Pndd<Kda/ެqJr&\\q)D3%rx,k$:7<T3q<(w4yK&TZϚ̥!	Z:qV˞|\0矢Wb\n\n+ >އ>@0.%Q.Jm\'SR|bma}H˟1R!\rFb,wNGol\r `	\r7av$yf?U\\y)]6rkv\nhdyH24Z%^\0m/8kYzE޺mGDJEnZTBoF (Ea*.a.N#\0T3mo) sR3\\nexDKD\Z[N\r5ur$((QYg,q$L.6nim wsAtNh$>Vf!Pe	;Fi\r?4%ky\r;?}SLɿ*|#Y\'vXDJ4NfN<StUr2n؜\no+bzO<S$4T\"5@,һhuH\"vE{;ntQk۽,*q\'PH`U: u=Qt\ZwoRtH9mRiICr$YL0LJygv_xw,7eUtfIؚ+a0Yceh0<)hKg X8*f_TI=Mp#ǻSQʤ778f)3=Ig94֌8XˉIQ<GQ<3KLQ|\Z]4I{X\\A9dGiiak#\rg{)\Z&ƕraT\\#Gkg1=ӷTͧkuihc3s %M*J~DU36B:RoGN)F3\r\n7SELocvLTF1\\q淕ˡEh/eĘK7N_%m\0+U.,\\3u\nQTxO7v*ݣoϊ\nHo5C\0epZ\r\0Q4D]rHfaweUK([Q-ɭy{Coms r^M U@LuUnzGn^u.J_ơD<\ni%&.>Kqk~Y.b#44y.ukvH2\\|3]$.^63AbvBI\ZH}@nU|Zѡ7SaςǳޞBsuO=E8槰\\gZ[J_QxςU<jc\'/Uظ7Ye Z(|osXC\"9e&:ίxh>]7di$76N3&oE[7PO/F|\"WisO]`6b!6=	w]ZԢ\"#pJmLR2vy-b\\ջIP\Zoy:6[$h77X>πҴ矪F!d`X5A.哻lke2@?Ec\"SS;o>!V{)s躟NO-1Y8p73\\Y7FSDo0e>KǘM\'@HA	A\0\0xx\"<0<!~l](J	\"K.y Ժ\'rΧϟzQT}\\/˜~>@Tw*m[ݵU2TăBZ2K5fQdy9H{@-;ۖ5*|τ9k\r\02}R*C\rUNa@pO+vs{9/.>¦aC@A-l|ύk&ipKBduS\"c=\Zu$%*XC2S\"{g0{\nrI4ͫkE@potJ2ů=bఝdARIZ-~~c9-ݟ6\ZH韊]Q-:w5[74Jښ\rɍdkZ]p BEP>ԓ0l<QRFJ@sDέH7R0N~l$|\\sb}LN	<B{\']	%aeA!㪋CC,ۣGpҥ)atG8o4R۳lt5O1;7ek f\"`l%~ɺ[dr*,qf|\0܄aipBʸ[c_Wߪm[-Vʲ7n ~]]LA9FѫH{I e1[7?Eg@i*F;,>\'?U\Zji9ZY |V&dcF7km$E,I\\pOX\\|2T%Ndkk]%7ͅnU&\n8Y]c1WWKXi8%]|+b`i\r9ckj:2=*kSP=eNt//#f4Ys)iivW5IԺZڪE\"6XQqSNEJI4X\\=wM]W(dPGѮkeosC Fscd{kS6tվ9R-8嗪ҽM	G6C\r	LQ9i`\rƼ^݃56RNHQˌVմ1žfv*MEkn.;VV[H+6~\r,7;g>L-bΚ~]b(@r˦^\\U؃evn|E<*= L`BpퟧêE\\ߵZ3H=]?*2\')9;ɅwZ\\t5Xb87O;>ufRs^ű/!;]J.\'}S3)@E4kCG8Rlj41{s6M,6W5_W\0{S?Mј`kUSAFen	厲iϳVQvj:h@txaB;73UUO\rfTܨ>HCpzzz#\":5%̰V\nq1Y\r[f9,bJ(ќ\0̊YFcJ\r˦7yO4Y.\"}Ly̾Q6a[oɕ6^˥If4p]Bq۾5k[nz.>y}ԸFDuv}P5&2;-=\0\\0,Ko<9	-˞|P!|AT|܀܍<eC{ϱ\0\"Rh\0&$>\nBb\\!lG??E%[l&_N 8Nвkk/I{QuR-pE.}~3H=b>ܝulV9*_s \0^Ak\'-,mt&*}ܞ1e0}Ls](tp-j})b	ғlY䗲+,PZx\Z{e\nk *]B)q-3X:g+h<L|jbT]ƟU3at4tѹuMGl2\r.Κ6pPW$IU-m)e2]mki@Hbt`(,su+S6Z\\KHj#Af͵~r5b-#R\'vr4a$vuǟ0;ߞB\nٮ7KhX$wUOBMlܝrBf!8n\"<	E@r)c\'sh\0bu9-璛A!D4\\sH{Xs蘐]K_7ߟTshB*\ZO.yc-*{,cZ췯snկz_bdGIѻVT(+Ǔfg{1\Zjys$I\ZttVKd\Z`wX}OU\'),	rE3NMpy.#\Z.W6Gha$?H\rUi0\'\Z,Q\r߂l	.%ܾAr73N|oX<s=k[;d̤|k\'|q>),Zvuj\'nnXpU;G7CTl^VvAYrAo|yHH-YyMX?UW1C\0[56\0OvKU)F94xeveo53a7pjg݋8kbi%pu<GFx{1Y9m[0[5MV=]VME mLW@{gܴGG6\'<&#nǇ{T6li!x.<Ըa5@,Xg6~15,D\'Ǫ@Xc-\rBJ~Rpy]HC~^z42y&ɩfU\\>y[|Y\\M~Ғ\rĕ9x^ˤHF7GܿU	5+\"F,ՇIXb\\W,fcU%KkR7qσw`4e5:wiu4QXarݶZ3{o8ndӴBFSt5^IAUwT?SAuW$KfӦ]֑*aMAQ1>nw!zkj\r>\0DcsB;Sl.*rld> .3,v@MMUA5[uV^ţUQO{oJw4?ZJnANr>D?.}<w\Z!ӟU!9d1$.ɀ^(jx<hQ?DG\0yIe?E<L@Gt\\y@LN4|w+|3ŎR>\\xѦ?o~%`ww p<3\\9Gw-M ٴpWmDrIv:AUY#Mch+n~J3g%scq.mlUmi`:R;lfId-9NuOzޜl9-ldUT2ۭԚ(0tm.l1tGDIk(m\Z0=TMp)Eۢ]58ަq$yxs{S\'ǞYDmU,Uw<t%T7\\/\ryVT4_m՞WW!,h59LttW<VFnWm7ݼQ<P<z\\]M=ȥU^,bm@_ݷPl4Jq9X\rQ>D.|h,&eƧ0	ϊŬT21\rz(қz)$ܐO<P\r6U3EMiݙV<YEp#-ﳞszߺr[vݜ,xS0hJ\';M:>S+ߞG>KCS乪Kt5\\AS\\6qf|NK/t[lc0S^U>4g$p䮘C̍KSSͻ/<|BR3F\\i]ЩyNj\r7_oQ7FȣVfc3cP\\E]h\0O㕯qE\'l!2<ǉܮuj1ڒӣc%~e>\rnCtX2zH\nX\Z1ot-pT46yf|WiՔ7oR嗪q3\0\0m3^(ygb.O\Zy\'i6w4Hn!Rm\\<06+ς4xAl\\lӝf/ZU]>	Hu0sV(-\ZX\"s6S6x6Sto9 _]9۬5fBK?ϢޗM	K/26!\Z W| ֗%YvΫū7E)n#sZ\ZF8dtq)dxiPl~ M{Y]F,Gn\'Ζ|OQrFH-k3xT{)CWzz+FdQ+ԓ:0rñz\0OS;n;?`<N^l=6mst]:Ns3Hn̔l!t9l&ƃ	m\\k_ŹQ&ǜʝn$##%!G4kC~QJ\"<)sE۷pp37\0{e굖Xys 1ςV1mĆ^\"edm1`|>{55z\0FYG5thlc׺d3>9]\',g-F273矢|Ǟ{Ci<	=\0ߞ~矲ހ~|9@\"\0|>(8KN~< 4C4\n\0\"rMY\"@fG<jSw<Qυ% +Sv{/8AO%;s\Zekv:߇z|f\Z\\{췠cY\rnd\ni{+1fN=Ƒ+گTki4]зt\\vZ,kH4eZ<#jz6Ҍݻg\'h4*V^N6z\'8sYIuIUWTG1vFwoUS,2PbUt@s/pZ-e٤k$=$-tTRNS\ZѲWëZ\0NlG3H5k`ܭn+`6E/(*xa	$5G9YDe,	N7K.n\n]nԵpxl<IXJH+䦴\ZP#kIJ.?P/\0\r\'3~\r)\'>qPo;<$:LMmS H5!n~Dy\0{KtneE))j#cCFd?l5\\{C#t0w+*\r}5Bo)}\ri%N\\flj7QD>\'?	H3,>y.CfC&0h]iB&qlvk\'){z+MԤR(FRvC{\r*g#hh>+hkd!LI	d=DQ8\r\raq9rrMY\Zj/kF@=%XdqZiB) ravmP(<p{fMQcsW[Z؜hauDfA_Ǚ5!/55̹/6;@m8|ˇO9zF6hcFX%_Ƌn^JZ`s\0A`q:K>K+3m42n}܌+tЌ}&LjZKV<f9zAز{y=j`Mx(GuXN\0ںv[u7U=*H|߰]ٮlRވt\\k*z\\~F65|WD$5d\\f=%]No\rpX81{uJ`B哻HmGE2 ExgY݊\ZS6:K9ROPI,<]\Z_0n%\\t45L]<V摩̕{Os1}ufH\0w,5{{GhݞKvK#tk%8uA}V#jh*q!`^u;m\\޶龽Y8q\\Qѽ욅o^+=;qnK䯃AӚl*,/ r<Q6XwrG?\\O?tspl\Z뢕o&S:=:pP=h !=x\"@=g\0jފ a7ޔI]к Q\"oޓ?.y$;sny&$n~)p4ECkN\\qwWjI\0u>ח]i.=ҔάnuvΊ-clXrisgΩn.\'<1\"=5-{?H<_O5,A>\n3-\n=`VܲcEML4ʇ\r{\\.6Ϝ\0RZK$^2 6ӺCfz\Zvn&F$\\Tj3#N}U@G2H# y\"/$~0sPpnB2s\r]-pTAjZO}\ns=\n|G.X\rEQęB/C2\"N<?Wn\0qEE}@%5&F>Iq	s8 &cANƩD1LXH6s7F˱빱4g\\_cB	̤pԏ[!MSOи39]ֳ\Zӵ-MJ!S\Z]Hz2g+sǬlaH&cϯ|].us2b׼t@54[_1(\rysn[\'Di[~|\\g#:>y0kFX\'擻lPdKcY\0([\0U5`??N]-,\0hDXC]Gz.?ϙ&W|F~	Jj5,-y.Xv=zi.Gmٶn@d>g\\iɚyx\\0\0\Z<&T\'Urodj1j꣘u0]t1tx;>,:iIoDQ\ZN\\PlDdrXE]Q\\ߦ϶F\\DKլ}J>^E{WzB zWnQ\0cz\r~\nM޶r?^C%Aé&KOU-W=YneEY1d*9,fSɘz\Z&v<iC̍3l:AO$6iq\\\\CmEWcr[v|s	f,_ıxq|X\0C%߬{c\Zfp˸Ag6ʡ6G#$168-\"mQ52BޅҹU7v0\rmIkw1qmV*MZ|\n:BNBQǂ6#0SJ7Jg*w9%کV	Z!\nbʺCXqgO%\'엙#j	\Z:MP!+,T\0I=Ͽ)_\Z&d`{7MIM=?\'r@, MF3\0D?t\"=| N4EΈ J\Z$^-B˂\0Mvr$gKs41&\'ݥ<Sh-=3u<e\0ij*wE> t\\{vI!OUtW94F4[mןp_;7߽\\3rWS[7FcwXfz,6V\\X4M7]EM6U=Zej5Pk:Y*\\)b7D׸FیQ7=9\'Ŏ-SȖ\Z_pے:BN`JftY9uYqjcx\\;nIpiiZ2\Z/vKE\\[+[#Daw\0M+&IF@e:ӳA*m++_gGv=H&z7S;lhȊ;E<cy\n%pac\'#~~iSG>ਗ਼\'ͭlR8(i8CӖ]aǟU[cIŪ94?8,me5M+wwm	AWQё\r39_DB>a)[V;gMYR<3#[p[$*ڗ\nJʈ]}\nM4SU,[\0ΫU&{\ZE\'y($p9a5ROtnm	kJ7lNWHٚ:,j\n:CZДa	ݫmG#v)\\ۧ3r42OXcMkmZ..\rF.Hi*} \'WR#{-h6](X.+ հ{+nHWE\0x=Bp-4T/o۪hY\\nm\\c uf֖?flզW\n\Zne&Kd1VڊJ[]~yU-mPd \ZF[qQtٖ!-,wUA7dOhI??U\nfiE.LYCy\n)-U}@q\0&JH\rYf\0]lgm9_EJnvb/MBs2D$ֲ\0Go=Jfhs鱆C~1gi8=as|Xz\0	?iGH\r\rcrkE]ڎprunٶ~<ջ\r!EԴ/wuT6Rj\rŨ~txMsT.^/0Y^{A`7q\\b[M3ZK,byΑ๦Bk60ewe2\'#E6F\ZGz$\\- hW,#9UeTHBEڮh&\Z\0紭O]57捀8v_v{td`ۨD?E;ݰvD誱_#s|awsdc{h$3AeC}@,[@Ѣ@!$<9ǟ\0(g\0r$9\0CKi7<8=<F2Ds矊@$y(sL1?lSOnh#sz~%Ǳ\0Kg#elߟcM~AA+e#g/t\"|b	W\0[mz)7{t;(A=\\E]+6FI\n~n$>*@rdkŮ(bQ+XJq`\nH-pswmT]\"\"â {EMAWїZlmk\'(y9PId~SIp(*5ٮ\'\' ZƂ8Z%:x\Zr[z\'4ӪnIxۉ7SY\Z.ţvW!+SL.t$2rzwIm\0\'M¨-@Ve1Ԡtbɒ.6fu쑚0LZom~9=hQl3?m_C4Jpá:yjVCdfY`xE(ނF]Po>#յ?\'n}H|#Uq-q=v{c<2-g+px\"ɐ,5VwsS`8Cb<aK4Ƨzi4a&8ϠRJѠLC4a&U34s?\"錄q\"9\'@snB9>Xb})cxܬY`_et#>!k[M*[Ǯ0淆4t{\\vTh[#?uyV{x1ځ͓zՊ{N`矂\\\009:[UI);I%jiw۩`\r_mԽP+pjJjfI$\\TjR	F=<&J2s/>TpfSRY_F/VSҺi\Z\'9+Y[<=jjHai#[eJycy/gdwG%k[+O4Ypw)Vy79s~A6Hu=<:P6hhOGN見Q]1!ؚ/c=ԝ{mVj񹢌@oo)(i|}^<afM!S8Wa5Sdf<>DbYi\0JQQ\"ge5E\0(E޲NZʪk-d\"W+Ba#kTeџCht5̮Lo,bר\0h7߄tJ{X{Ǌ\n5;sIFsmk\r>z0OSl)2Uոd\0}{wT$U{.@H&GyF/d#A릪jf6Fzz/x*um5DsZ7$y$_;\"dߞGn/Egn\0{<X`s\\|s+tVx-/D\"K}.olFgD O\04\rM8q}*5~}cȓel$^4|`筽4S`kZٕ*zc{̮i/uwz\'cnTa~n+1Zn6كosNk`5]-:!ִr@)\'4,x\'p3m&o,#|HWÜ.=ug:V4L9}6tF\rgT\0Ɨ<1&#~p \0B@͒D矲dy@Ay\0yM99>HO\0DrSE],ӷz)\ZXrYy\"7V0m̅i~,NaĮ?u8$ԑ.턎p95[|-Í?;.֊^Nw]S=snuLe3@%)?G5uhì$%Lk%Sov^y>wQM5As!KiW`<6N*{0:ÜΫkpj=ʓku>cs\0eڡ:ImEZaD\'𪦰b\rqߒ0>-%/Jg<Þx(&rb5.}#a.W7ENةa`f|tJ<Gde6NsV{#s)m0[E&}yJp(1SF8 @wsJ+szH=(7NyA<\0<9EoӟT|ڏן!=ZQry@܀</h@Â< 4ϟAןD< =_1Svoh5 sܐiϞ{!m2(k?dى9e8[TЀ3.-ID䉏 SnU_<6rjgZnZމs)&x-j	Du:O_\r5,2<68\\\r0<9*=N\rLh~Na9	/񭫦.nfGL\0uoyʢ\0(bn5Ji~|FQ\ZM+$LcbѢaڣ L>\'Z=>?03ML)SIpߒv6{70\\u^B,	\n,M(c7\r44y)jr\'/cHm#b$uiٺ<]{U]\r8?~MlE6j$..tiC̍|NIhQ:GTTaeˉ+\Z8Tɻd<\"([X乞\Zݤ\\ɕ]Gֻ8^^Evr/,^O5<4U^zA4\\W;vfc`3n*N߁ˌA2ԗ<IS&oXYs˜nT\\5X}-3w@- ߍ3K҉\r@+*7!dVN}SR:YDnq,QXT\0Y{ii(| \rCK#˭`֌}TOH?+6#\raȺ}yTB|sے\0`eo xN۾b-c||tY1Nt%`qqtqq$wj\"lasfrg~O\0XĆ6gù\07$q`\"~BփauG1tY7I+drD%9ܳx/k@\r6ih{~\ZN$_Avx2\Z_;|[$09q# Ad|PS\0ӿ虈50~W< <Gnw%s\0{ѡ A;$H|98yHh<,<ny$\ZxϞ~HCNy(k7Dy>}swrEDg\ZsrAy~JM9~#=\r4+w@F}>\0<H 9\0uCD_>0yꌜ\'{JV =OǟDy F;y]|OAy\0;{}=^tGC{Pr=3D9y@ΈΟD/nyErT\0CÞ{Ro~Bޓs\0s7@\n/:~ȯϢya\rsr\01Ѣϒǟ@{=xܓ{#?D\0vmǟDnNw@Ǟ~@9wAb+g.|G?t\0ip!ԭR]s>߰Iܩ^|Օ;m&SVUFn\'.hhV;z1@ivs΋GZn*/+!OxYe>\nuC@Ex#ĪSf(RWdokR0K4ƮQM?3\0*|3F)iXz&zٛU5g\"!:UI!F6V%Q,SfF^pGqS)t\"7^ivWYt;?3 G/Ra6[OUV<:6_,goJ*4eRllĴmX.d54%p\"N+aٌiq>3=m^?R<tNuS0m D\ZpU3VS3uZ8f[\\҈l	\"\\ܝlt9ey%ӹIh矢WrdC5%.<C-2Kco.w^<؆@DԂMo?76iR̬n݊eo< fZB\\zYNp15/H$2q&gJ<ڂ\0b	j*$mZH\"PE?>(:\"@]a@FD<#/Exs(z\0zyHۿ.{ _ϟD}$4vI|2Yo9\0]^d4\'sDxfPw<4\\~h\0矪&DMa7\0q;vs@ތp\0,}l$>vςr\0!d}@;_r\0\01ڍ\\nvL@}r@{J0{EȻPy\'8 ؠxς\Z܆!\0<y=@|Q[tA:Eh\0ӞGz\0׶ܠ36h]-=oJ ޅ[\\|My⏞{zcD\0>䏞{kT	\0 !Ϣ#Ǹf\n\0+眻[\0b;?d_tz oqfK_!|苰v\\_Oÿ4\0Аbi9T{sC_4`N7跇?5(gkqF4Lbf{sQqJC	4Em$s8R[i!X{Ul6m݌1>xsj<P6Ht<ߒ\0?YdH\0k?6A\0#T>l_4\0<˻⒕r@','Formal Shirt',900),(6,'BirthdayCard1','\0JFIF\0\0\0\0\0\0\0\0	( \Z%\"1!%)+...383,7(-.,\n\n\n\r\Z\Z,$ $,,,,,,,,,,,,,,,,,,,,,,,,,,,,,,,,,,,,,,,,,,,,,,,,,,\0\0\0\0\0\0\0\0\0\0\0\0\0\0\0\0\0\0F\0\0\0\0\0!1A\"Qa2RSq#Br3b$&cs\0\Z\0\0\0\0\0\0\0\0\0\0\0\0\0.\0\0\0\0\0\0\0!1\"RAQaq2#B3$\0\0\0?\04\0M*K%VHP\"-@\Z*\0a2,k9Hjd*`1:*rpҰSP;`hVbKyL^*8xf{\ZҤJ[	n-/\ni4t/ף hRL41&n!RAZ&A@ƤVe\n&,Q$Y\\Hñ%jh0#%@&-\nbN5QDT!Rc \0*\0TU\06${+zҧI8jua =L`w%\'W	ҕhtfnƵjꤖ]Norȧqڹ0stE\ZYbe5\r3+l\0f|2G\"¤\'s}?/TW;qPF}<b@J$P\nNPТ+@#@K\0 i0$T!Q`\0EKW\Zd+;qZ&H;bhک\0P@gFl9י[hӞVtC9+RKpA~ˍzQ:SakH&&H(Jr-\r2U\"fcnCoz~R)͜)(sC(7cN]Spx{ЋRWFhQxzSiFį9ZVԜY&yZ2v%Mlٶ:|⡌UeVJ`i	Pt맳qC*2H6\nJQCAɽD8Ǡ3M;EO\0IPr\"o-N+5p_b|\'EUCxֲ~LTi=K9I(|f?,.&Dݵ!\\\riFFf\'7\r|FD֍7쾑{\\pERϖZ>KcK3>!\r`u35?\nTvT}ΗfP|ЍDG2TK$^4iKE-M\0<1TYAJlo`lCXS\Z}VdSùT|>%0GT4DQNFeXLӌ^S:߬T\'ҷ/z8kr/a(9\"\Z\")FiJhI\Z;\n8t\\&eHNc\\[p[ƚqJ9JdBL@(9\nRCyWҪgEXl\"ֈ#ۈ9-\Z$n>	ֳwؤA .GJ֞Xuٽ.B\0w=a1*R`dy\'{\0x^I=&x]Zѳ(6sq(V9Sm#@ag#}ؑ4PrpN[,n*@E\0y\'-{zD\'d\0~posG_K;A|d2{Bl\reg*y;?q2\n.at9fRҹ5(*~6:(L}6!d?V{:t唼=n%l>_=ZKhSRbBxIaeVzYwO~;Nʠ+\Ztcƫ,5Jz>Ffeln\r+/ߩkJic2,\Z/p5F@w_B)z\"6\\V? )U7f\04l+hdVyFZX\0Qt\0*1O1=uK[eM$z):HF!$kVvm:\\9e\\R/7\'Gn5z+W;8\Z*\0T*֍(lqHKm^+YTNXY) !os{zqx`9{zL04-sB6b$%YB}Վ#8u0Ҧb^\"<)Z\\WB\rƈ&:ujj΅l*q_A¶gZJG`8( hӨܞ \Z8x8[SDf$b#b/e6k\\Z0UE)rة1zW.hDXIVn7+qo>J_Gm,0XHP5\07\nʤVnrW.\"CGW8&̧p~=>fR\nN~X~@\ZmBg\'/4z;D\"KvM8Jlz;\"M<_\r,h3FPjWT+;َ.jVfZ\\dH%ؓW \0y7`s3\"S&ڍY\0QR-XxJpcP\0ݤ,A*xcm4MGYG\nT:</Gb!6/yB8h<{*ܪ#	UWOiҬ.+Q;  ު9JZNu^Tfg#<a0hɇ =\0IU5v\\)Ga0b*{#SQIey 	^Xz|\0eQKs	ӈfqd&QK1\n\\l\04kR\"pA:.6(gFuwkL,SY?GF0#b-t\r\Z=+:K-a6vah稯9d8b6 {XxUKiaة\"	\0?Bu+Gvjf-ڵ<:Р泭޳qodkt,cowWX:Z#Z2YQj;uF)z.ci\0S>Ӡҵs\r+f;P+#.I!?5pHnLlyz>1~\Zm%c[T=W\"<ҾoX;cvcj$yofŏщֱ(<Ǿ%JZHURV/ZTc[a+*3:y4\0/~ST༙t+>\"B}$+mʷRQn+R5\ZL8P$Qh8*(Qۖg+yHdY䭙=խ	YS_RD|aN\r*^h+	4BþރNng,nʳ>6R_]cevOy+9sS\"}dPRx TɯsJIv86gi:oJܘN5͝cQN#Mqqb@Bݵ=O©IMH#0ɈкdRڂ{ں#+|j2nl`n/o׏XC)6k)kd	6=Us&b\";zicY+Ңu7Ĩ@r*/GOU=[);W)75fr`VoqGpQ#JO}X/`qb\0GM\0=\0qPC«53iRUC]a޵k;jҿ\n$ǁ23ul(,K0,M\\?$iI\'5s:)&\'!â,L.X!Bc[96uJcY=<>z	:L3*,G1sƓ);ӖLFg$HbL>2ŚE/{p\'kS\n5y(HeE\"-.eKI`#*̑XFJ\Z>CΰbZDd/*T%ԫ;X&oc+弦;}W3*\n6&o#cʰYF]EVLUfnrP1XD]ٜi-\Z8ZRm7.ppt\r3%c8ޖkiEKCk𩡳+GpaԈ!\"Ē׿@YjineQ\"祗OCϳ>{16Fvm`Ǐ\0;5V}?¬akBGG$rM<(c*	U,{(p~[\n>YŨA]ܡ\"HNAJd6uem(Uu՚5|bx|`$XRb@]&8<N%Ehz.M</~|V\Z:U!+\\+,A\0wBU璲X[AU&-M,@CcpJۈZ:W&Uci\0hXlac)_j\nJTJ-jH<9\'w\n,Y\nR?\",.H+\"SH7\"kWszQ,}t26ab/\"mَO+mǍ\\65w\'atzŚ$ Ydr݀եtEk\'tpY14ˉ548ҞPgMZizVcAh~d&)+3fZuy>s-IT%`m~Nvw9\'yh>ѯeVʷµZF&V\\zˍǆ+t q)zS8\".8M\"S{;qr|k)(]t(Ä.3V38\Z$hc\r,ξs\0\"\r&5c9U$\'ô$kYoXm%0=匧1q;SHV\\DJ)A0%7/i^9:)\rN)Lx\Zb累<x|awtO\r<mU$>gRPޅ68x̐UV{.6-T)-ZH;46{pU@RŘs\'of/DhwGvO&X<#\"!y\r+ٱAr\'6>)$s/Ccf\Z@בos=LE5vKVzRv< 6[ף*M\'gNJz`܁ݹ\n,I\'\\i.6 v;^K,RWEЎG5GqG>6=	dW+}Hd]\0}Ҿӡjڰmn|/]esyorod\num*/lI4BO)nnd(+_DC\'NYYzaRpS$z9U\\q@8v!o[SV\ZI)7ze <Tqq֬OZ/IKj9Td&Ua\\\0ߝٴT?91\0e7+%\0ͅ6;W9sxǶqe\0+ֱ\01\"_J76\0\\q;\n`g{ 1YXh\ZK,	2rYQZ؟~;`Q\"]YtTQu2Ats&kc/[.a6\'J\rL	YF֕\ZUN*;OɆ	q$(X\">FUƊX1RNZ\rG&q,4aW(!zΨid$nWU)dH\"J\0D[.W6Z:\0s)6zʤZ%;\\ӏG9;=7#yņUIfEt!мs̘h_c}cR8.)iFIfv<?T#`2;zd52qߍspWgCNu8Nbŋ\Z@\n;j8x&*Q*l<F#ǈкcP{JGխ96M;	V3D2jU9]7yéQyez\0$>U%$GQ&)d{_z+)RkDtb%L\ZKkU[I\"<xs`VP&]7N-aX`>8f]j}t@XPYW![RoF-ː.v9X\'<-]ǘ \\4ȅX\Z}a%Kٹs9qt\'o\\滒GH:n\\a}1\"2:[],C4$[I0(eiq(c#`M\0r`E\ZrSV`c\'x)xqߝ	LpyI\0g>\0M+@/y}\\!\0lf[mIdF:}յ=bAgVcHTxb{:2Fō[RJ:;0_[D?EO(]>޴^RZ^wbc381.}`iՎhϚcƓ:G0R,Uئe6J66G3`qK2!DK#H٬{F5`isHRxD8vdIlQ.=\\װ䦴NΙbQ3,4bX<d#IܩGk1RWԖ\\*6\'74E<I:Z4)1#N1PլVpE*b!W}A;	X @\n\0\0`\0\0%!jͲ#HcЄLF$\0-F:EXm,5@\0m~{\0%E <Y4IiY.t\0X]cULq*!ЮF5֥SpÇ,-oQR5c2q-%&ң&F*F՞Ҡ^\0_Íq7J톤\0$>[I]EA!ZĨ<ll6]a2\"b1横~ Sre9c̠K\ZH`p`?\ZW1ml\r茢c\Z@sb;XK@8dJȪx\0A@[$	,j8*(P=\r8pʅRS\055qX*dD}\ru(m,>߁v3+R,QTKSF)45)%d&]#A+4@r6ط6xQP&\0Cp֊\\mMI;2d8d\\<\"+GV/ߦֿl3ɻC*(tVqSCRkf>/iE>\0PrrղHw*b,PTk9\"\Z:TpD\"ʰXK &˖(t\0x`=UGFTmAhbjvZ绚*7k3BtʥI_tG+&Փ;>),Vݛa7ZS4ht۸JGV@8q\0%pFۊ\0V.+P1HDV`mI14k_m\0fڐǤP~ݸЄm@i01K>{l27[<?\Zv{Ey1{OӥngO%yuك,<v\nJgc^@=o޶in7@C\0\0Ɠ(\Zm/s\0:wefv!V[><S,F+RD遏gC	*X4L׍ZX ;͎,HM#pH;\r\0:b@BKPA  q,7Y 봏!5ٷ@Λ~ͬNڵ[$0F=`fTeTգ31;	~>u\rLIX2cX	4 9t-\Z/Vx^ڀ4pe]_W;e	V&b{_ʀ	תj~B(d6;2vE 5KUGֽʐ-}I#J\rek)jҷwbĴEX^ƕE\rӦPTpllw߻Ɛ!1D*!X.%ospV26e6\"Úڀ4pS_\0!(i3xh{͈FўυIu/S8iBh\0oqfJ-J7qӅzjd\0$C׹_arJ&!rUKqSp-\0z\n綞\0o#1aysq40\rRk jJCh̄s\"0:YIE.}A՟\'+m֢?ћ=b*yR\0O8ݵ@[keBv6,.vu4%uR{ﾀ>j533H9V\n[x_uZ# iY\ne:?wwB\Z,u1;+5E$\0,m\rC~t\0i3x)-`v;#vOp\nnE sB݈Z-}kܻ0IԴz+6N\n	7]h/?\nX)`HB݈qk |>cW;\rhtV7 )$f\r+Qa͑J\0u4@\0{\ZP\019i`Am-qa\0\n&4_YPxTfҝIShm@,p7lk~K=UQ7rL07,!]|,i#wƽtm_Zq@4Ri\"*C?z\0l(ww40&ƳlFc\0#X\\n\'uSІgȋ!\r\"\"֑Pd1+1Nm-v5W;ަLhdӨbH .;\r&M^I{m}\\,G)jvP	*\0Ǽ֑d\'\02\n\0۴j!\'\'iDkt)\n@ur\rL|	YUH(K>Hn\rɨ[H}W`68\ZB#Qfkkb=;y6;7[&\0k-þX	#H$kA\'aM~@ɶY`{W{<?_S\'`HLmZK1R ߲a&Qk\0 \rfF:boE\0\nE?pQdTh\06߷\0ԘLЭ-[gΚȡn&$Tj4j?{\nAbxCOBHT*h(z`3\nV X\\1S\nƽ\0-T\0\0\0oYȤ5H@\0(\0TIe+Aj!n-޾28lP7N>xy>ᤐYUHM7)\0O\0+x	!x1\03ￍhHfZm9\nMs(}l0zKW[*]\\^ְaG3K/W>?SX]9z/abr^kְaK܃>?QBо\n9]|^ְaG1K/W>?QRAksr{_paG3K\0B[(iw !c..^k>?QRA\rcLCXz7paQSEr{__ZCc>.^3(zzԶqj)w!<=^X[*]\\^֐zaG1K/W?QRAmì>/zSiw _a1K>?QCо\n9]9zWpk\0rAe!A\'4\n9]|^faG3K\0C[()w 8u%O;~[z|^,&e@/2O#G3K/W[)sr{X\n9]9z;Gq:>`ƾg,,syt|ǥ{Aҿ*agi}K\'Ѣn>eC5io<Jo[\0I	}YƓ[P.ܧy%=>Gh#KI}$h\0}φ!%:\0^[i=۟*\'W+jI}+Wr*Լ]-G+i.\rIc«-;˫:\0L<ZKsw%\ZwW9Դ6T	`xږXemoJsl[S%[{Mo6ܽNbTɩ?}}ﷶHt}ΧUD\\\'˕\'ٻ59tm~CYogEh;~Y)m-\'=\\ɭ\0Kر!Ɵ0_b=(FѻRt[|ZK#@؟\rpW)Լz~	kPem\'fjj$9o&&:E˧_J!;nSOw_O\'pRa)wuũ=ntBf\0sf f$}}VӤ=mNXgkeЍTKpt:Ol>Y!wJLIwX5OcB:zSof$_h5tW<e`\rod-i;~Y)ٴ#W*y5 h,NϘ/jt}WOzd!TCPF;ǧ}}-`uդ-O-;Z[Nzo[\0=I	~k0{+_$<;KiI-\'m?}8SKZ-=۞͡<J[ɯ.4tҿS9wyK}>-RZKxs˫mRѼ7I&;gIs$.NNCmJ͸{8Fi=_9{|?c\r/ޮOrԞ\\Q$TJa9\0K1w=EG\n.4_<;8esOER0w=EO%\0/pN\\\0MR^!&pyj/p>4_.R|E3ңỆә?Sa{3ңC~c&fy?P8n]Ni*\\<8y]Ni*|<8y]NiQ{枋:8nuY\0Gy]Ni*\\,?\rDf9?*|<?\r:Ǚ\n\08nTp8nẬңệsOEQDg:8t8nY\00w\r3Tpa{3<P0wsOEQácSz/Tp8^\0G?0w\r枋,?\r.4_:/q1JmaQH$\0ڪRI\\HK^}Ifmܯ+ڡ!aMMzVg/az\rfԨkzIdW2+7X`ꬆ*4\0uޕ+\ZtCj	atEJuBq*Xe\0rE,iXcaNB!NFZV9ښ\0E\nĉX,EeӰX%+\06t\"K j&if{T\09\0CUq8\n&\'\\X{\rOMMr43\0#Uq,F0f_m:oH֯D،y@@\n<EAY\Z:q0-\nq4\0*H,* gTn!\n5YAnU--H/L	P|Coj!SRf\Z\n%@\n\0= 0.G۴=WTqVJv!\nhr$l+6WB@45!$w4j[:\0TU\\.IbJ\Z.,`Qp:\0T','BirthDayCard1',200),(7,'christmas card','\0JFIF\0\0\0\0\0\0\0\0	( \Z&!4!%*+0.0383,7(-/-\n\n\n\r,&&40,44,,-,4/.,,/,,,,,,,//,,4-,,,,,-,,54,4,-4,,,,,,,\0\0\"\0\0\0\0\0\0\0\0\0\0\0\0\0\0\0\0>\0\0\0\0\0!1A\"Qaq2#BRbr3$CSs4\0\Z\0\0\0\0\0\0\0\0\0\0\0\0\00\0\0\0\0\0\0\0\0!1AQa\"q2#B\0\0\0?\0Q0Hkp獣C#b<w~#5糑-[-.@ |d}0hVA\0#\\$eӟI9O9mѵ\\d+\ZNZ~p}ʮy\'wz1	M{jPjZEvx.}ґR]\Zw^]Bj)\0`|unuv^	v\n$t@9`n\rm\0;3;Ǿ\n ]C,	\Zü`JgV6\0=놾\"ȵ̓j#24i,$|@!#\0*g]OJFy0]84zɝQ.@gQy-k% P7 d\n[WsP:؟.3Ib.%0\00<i~ծR>So7vBK\"<\r=Կ5,\"e_eG轓Yt\\6RXj^y=AYT8Ec͠5/oGrKCr6\0(Ki.D]:cA?@f?d^U{I٫kKYYL%	Nqϥr*MZvҏ8\r\nʰ8g15oqs\':Mk%\rG7w `pygQYwRޭ3O;_g=1ȚIA3CxL:dz\0+|>=goSݩK\rOc|C6T6ki⽛hI Q=ECڨ$z65P>,̬\"g|q<~B8CO6 yt*v3dI!@*@\0-RSOvCM#H@A;\0E֠..$yڜxw@+cϷj~WRI]6Ds\rtqZ=\\\\2RGTI\'#Aa|$yWlq}W9>FW\rWO||>2D-E#jWT#Bwˀ@)k,$>+;1%`OqX)w@O;.I&kdi)^#$\'أ/µ,ؕ&aLٳ)/^\0EyZW\ZV9\'HJj]қ̿e/pߞkC!o,D1Bmp39;U2cB2fG$5zLGdN֙H\\kub~*7##VhX4n\0_J\0nN#6 mjsY5F]Ρ7Kk?NUeHT+Ė8Q\0{bd\\g24힋l\0k6۳g:&?{as!!VbG\'vqѮÏdk8	hd^\0PV\\G\'J>Ƣ@/Zis*A8EU1݌\0asʪ<DpTCCчuz&_M+=뿷r;/$Lxp=wnpZ,,uHYZ<\0</?j^X;Q!\'53\ZN	/F{ISSI}+1ᵌ<\'<nW][аG%d]8rwӿ#3|\'R]zH$VR*I/\"%#4k:4]W<n1nGB_$_!E`ցѰjdw&Bq>V; 	%F\rvnoX3pJLͮl<7o\'*B:y87\Zs0?_,H\"#n;>cN E\ZdV9݆.$Ďus=c-bPBYI+~3>	DQd;;>lF}/]red\\o.0q\\mm:/dJե\\\rږ\n8LGLyq+]WgaFѾNH>\\BO3͆W\ZhndVʶ	i\\/%\0ll\0?]\\} kfP5Ml+j<7ڭL2w2ҥ>Re6{ıߙ>y>_lBKz\0aGU9)RA:)\rҶoKlF\'xu;䶥m#Nz[ӌ*#>`\024di}n4.T2jC96GFPg8ؐRgU|M{6H[oNL1P}tk$r#_oLGj3i3ͻ,\0X;?]\0*87(ڋGkV[CQmr83đ	f8Ɋ8}l+sڶn	nK,\rӍN\0i;I%ɦ\'/6Nv##[	\nDDpFf\Z<L`|[g{ux52\"DG<VmhIlcի`AN}=fVEpWU.ry 9<\\i$I#]&@Lr/ʲ4f0uHBWY;ixo+$JIX`@T\0<*yu5=3Mz\'9\0\00XْJrv\0srTIjQ3ֺmx@VM\0\"&S,ggOMf?	`Q$ҴNUJ\\\05B[<\0X#q5+[B+)ȶ#Z]\Z?\n8fg\rnUqVUf[dymR\\?iE\n#&ϖ̎Y[=Uoc#veDYA!A@aN4R.QAEqv*Kv:Ax?tQb:\'Hզ{z2bEZ5ӻMقI)}+Kȧ\Zי䎆\0+k8`j6˅wk\r8ڬ(y&edӿLg|r}k\0͜dVTQril-;(l+!>Jcʭn\rIJ˶[3ZQmjAtϗ(!,%Hŋa.@{:gcI#E,f<q<4{pczyδ?,ƒdǡ\r*i5Pbz)s鷝d5.ik>&.b{{c,N+Ngx|5>[/!߭c^6.\\FR!PV>U/.	E<p*7YlFGȯ\'Gw~KeK{hFC#I(B<k^>1*d(J^쫢\r@k\0q*0ᵊO\0\'\\ڌ,Z(aoZ=E};0K64\'9&@{Ih@S\'XHҏ6\0(?_|\r:m]Cn+̐]ګFtU/s} s\nI@+;]+.snTQH\0S|g\\J/;\\c*iOO@c+Yj2xrNFs5;$u8\'n}=b1ܝJI9ꑜ}D\0IW-4$*PAma}RvCdnaY)xpiÀSy݊}*F4z{P)JJRWfÁZSҷ*ĶԃA^ʤ~:VuZ6PTU]@)@)JP\nR=4RX>QKs$ߥoo]m\ZBF&M l(8V\0Q\"p{<\nޫQ5K7/t(\'1bN?l~_ij`(;rU\nrߕqJQIsxAu?\ZSP[QpݓGqˠyؒ}j*>g,w.|K#_8i\n*Hq\rּ%\03\"j\n3\n,Rz^Moɤ_|pIQh#R3d]?έ|Eܱ\\ĊV:\r	hJ	nVtl*B\0\06\0y\n=Ƕ2]vC,BWW>|UJ}2]<\'EmF9\'>T^>JTI\0)@)JP\nR\0)@)JP\nR\0)@)^R	cK혌ĩr2U_FHȩK^K=xn,㚳9kVr;RExFNLOxl^5HL)\0BmA6\'):gXp۞>/%`H@1 J	P2]+]yȖw4tFB2Z8?cg8P%NUӌ㞛_֜*0cOBq㝒ܯv\0 }S-I UgJ.a-uu\0ubZRCDE5Xp^8=C^tZb()JJRR&RJ]z>V;PGV^ 	IV dî:u4M)JJRR()JJRqxIｖrH|p-z,䘊kY\r\n8~{D`1ȆH2k$zu+äSVmgINYdTggj]ӎ{U,PK1$\\p! wkR}BEl}R[\'[v8̱[ wATvcm#8ǡq\Z?fX.C\0/Z6IL^儥y]qv#VHQG\0jzV<vdbO0T*[<1Qee*by\nwv\0\\\'\n\0%*v8ҬGzڔ<Z,UF8}Wu/3iX2k+qu2\ZV٤(A|*\r^=*ѥtHaUgRFO3z*#i.Ɇ(m\'bf6F@mt+.$\Za21꜎X  s4}\nC]$?Cg2^+ȃmh\0$\'tڴ#1\nO9 ף?̝%[p[$I[	:B `r-&ѐHcX`+H;2	*$\0\"tf\\f.E+,>2\\a(DX%,TE+lB;%PwHM2hFu!X}X\Z9Ĝm.f<AacD:\"q1IA27H-\Z,ʛ\ro#}(\'	8\\sé)8E$jlčk6S]L?8gj\n\\![lv/3H͒;[E\\˭JpDIifSRc}$\0UTHc1$:1N:`ԥDqr④i\\FpoN%JP\nR(GP*}O/ZK3D­e*HCn[Wgm#\Zb\\g\'$8g٪.r[WcjTUi;ֶ˜1C-Xa=u%[]&!]^Ejx{JPx8#SMfI1T]#KzYP6EK/X[u}s99}1X9MR⩦?1Vp| QpC$JR;oVmT+j2\0XC)6ߑ7\nsPfw<nͱyҀ8bqc	;*Yzg\0\0w]<6Xmd	\\:e*Q`qG\\l&O.	WK\0n\0oFy,#S,7!.ٛ$jZГE.ݠ]@E2-3jkC,dB~UW\ZsKu\ZbeyZ^ J2TsБS@aHV\0Gʻ~N>X?qe!s*Fycr2LSCjcQEYc\'\n5v,u\"Y<եwвN@Ip\nPѫf\'/;LXh:JC@Lj`BdjyNI#x`V\n(\n@RTȭ톻\0ʆ(YCkc\ZvڄET\Zp\01qɦfFyYmcph$-4먃 m ,D׈SQ1ƿ\\Hc\0Iվ\rfD2!\\evbS8pe[K,j9>ɐOy 8$HfQF#\'0\'|9.\\e3%ƣx=-Ǖe[[99fm٘f=O/V\n]yIB%\nG2f@)JP\nRi@q\\ֻح@Ȭj.<T+J\\B0Q@]ZZR(E$ 3>aA<~\"\rrf\\\rY9RSn(ě\'c4ÐCqȲ6vkd-H MơQB<>t\nR\0)@+\n[4U_RVT,T\rM=w3i@b[Xml$ƷB\0C|JP\nR\0)@)JP\nR-xTԃ(k.4:Dk)kVC^ҕ\0R()JJRR()JJRR()JJRR)**Md^@buqV\"暭EzUP)JJRR()JJRR()JJRR()TRYEW@cfҠHWjH)\"UT()JJRR()JJRR\r\0y^\nW\0y^\nR+I','Christmas',600),(8,'Denim','\0JFIF\0\0\0\0\0\0\0\0	( \Z%\"2!%),...383,7(-.+\n\n\n\r,$%4,,,,,,,,,,,,,,,,,,,,,,,,,,,,,,,,,,,,,,,,,,,,,,,,,\0\0\0\"\0\0\0\0\0\0\0\0\0\0\0\0\0\0\0\0\0M\0\0\0\0!1AQa\"q2BR#br$3S%4sCctd\0\0\0\0\0\0\0\0\0\0\0\0\0\0\0\0)\0\0\0\0\0\0\0\0!12A\"Qaq#\0\0\0?\0|u5hìxmRbySΏvV1$\0ZN\0mQ	3\\)c]ROD|@q(\"׹yQ{CVWq\09)&7s%\Z앤3yN\\5RMͤl/Ԅ%I\0V kaPIJ*BAq&@7`tJO5Lq\'6lƫN+y	QjkGR\ZY;D\r#I/Ǣ ]\n`iRy`w	1*d+\nUS{ÉOSU՟ij/h2]SHrbe)ZQ\n8~_*g6tB; <8եD=G\'wO:MEl\0ڣRo|ћت҂>-hb\Z|iQc]FlR>T៲a))H?@/Oń[p:I5t	`=\0c쾲|Dq6Ur1]RsQlZ\\eCBd˖$@3J،^)n0^yRky\"sh0قGi^	LhA+mHiT|=Җda	1Qo12T.\nJzB7\0ShZ,lpOQ\\}t\nQHui\'qiFknu %ĩD	\\H)WM{E.5f ϬO±kJ\\»keTOrZ\nmU/XJaDe2I\"mɷKi(d\ZĢtSEwvh8H!]XsN\Z_lX1%uXSj	άT!{>U-ۉ9[KyV>?8䉮ҵ]ugUr	9JN`*Ge\0_N?¶\Zl3NpcNhq.4ofĔًS1bH+RpBo:[\\fDEdɴɪm?vG!l{F9.c;(6R|8餒<()[8ӁYsG8\"ĸ\\\0.\",L\'OAŸS)F2Keh|iNԞF̲Oh~b-4aq+YZ9n	$U-)(\\\0\0\r~/D՝gҥ	Kck{<4[+V6Y*|\0!!&I6{@RȩjPDj؝IxPk#:AU#_\"OV5RwnqM:T`@`\Z~ :n\r/$+,=2\0\r:ĵŧ$~ʯ#}/#Cr\ZG^n񶾋;bPR՜tR֡ܥ[ҥ}qi>ʒAI!Q KUh8KESILi&#uaF?ƸXNTے-ܐ(ji\'2J@ZL\nUKJirg\\\nj{	jHNajmP̷-\"R2wDZ0CI#.y6\r%׌Z&zZh\0Io&fAiƻ4ԃHw0;oPKЋ07\n »eՙÙ9m*cMp2y:00\'**\"q&*\ZBTJnm~\\jM\rKb@$X~~T+R%8Ks\nB̈́SYT;3.eY4ܩH~oNpՠT \n{𱡗m*5PVHR@qǦJy$Lky+*m@@!*\n7\0p&VT4\0s:a%:8_RY\n}bc/ВpJ4Je훹]_$ǚ\nv?q(EI@Bo\"+_mLX7VR)DIA{kIò>NۼAusOZϨ*\\lQfY\'z#:<3ġ*e #+n)*Yߦ>u0HmD\'2FuZb@9L| \Z)!5<bA=l9)&R`%Jzi_@*NU\\y鄜	NUDN@R\r?\ng0/)5=Nd1\0\\7 s]Ɉ\"goC{\Z((3!EV\" $^x#ɻn(Rv<4r^ұhw\Z&ܘS=+?\',R\rڂ9RR%$3 FhIBVGfT=8 u^uYZr\n.ƗU(6*i!AĐR.i\\JwG_qV\Zù#\"E1=P	jgi;\n#BRe}$ν`(ɰ|yoP@+\n<G\nCiBW!-4$U)[\'wc(\08) {RVk٬=4||mXyi|Ol@)BkJ;A&s5fEG*xMJqn+ [HN&|ɦoJ82 $A-#%D\0q<o*t_y\0¢@?<jO\0xEHp:`Bi㸡CHi?\'?\Zi.$!I{)&L{\0[pc2+O#xZFg@\"H,qX@\"\Zj<շ9G\Z{D\0i<+\'agF*6RA%7L~SHϔIJ \"uֽ%6z_lR4 Rީi0ܗOg4.B	D$n	\'sYG;H{sg9Y\na&4\Zm/s*Ĥ\'\r`ao:a!2BI\'B@?kWUE`q큕쯏;c1]8\0I\n|=jQGd(ͦ$?;M6HUH4±@I61£H?TS(2VRdAs35  n#=¢sb`f\"|TØ\"37pBeۯ;\Z\'ywo@)sDfL\ruFVsCͩ`\0&%edd)a!CgCSd_ƪj6j=-_)_i)bO	\nq}nڣHJ̥	R\Zɟޥ}ħ\n@SI9c&F4/o$v&&\0^(Tq#\np0TLq))1Z$З<]7WۂM7і-ыeq8Wu0V$_2POkvN ;@|TmOƶ?4\0Bp:W@@mJb`hƠeݓ@md70~\'P2\'D\ni$ODcfwD8\0jIw|\0&)s3Õ%i4\0)F6;&DkS\"5iXw5#iZ*#[CR~4MC^[aChuZP5RVx$9᷒B1mt{( \0&$^xW/6ݯ\\=D{oW-}e+TXTkC<ɰuO)Zu[\np)Qԉ&BN`5:`\"&E]2\ZxɓՑϑP1kn&GJ\0oɲnbڸt!9՚gz1ƦP=YJFw۸`R<>A-tʉ$qҌ)EuNvAi!@:܏Jj:V̓)7I<Ad|&8:,L,(24cשgp!]\'Xmm6B(Dx\r\\J}c8p?3zs7\"iCJQU\"{1%ND\"\0\0(B^N%JTI\0@_Ɲ`-x\"7\\\'fpBgf*49腃j1 _I0|W8JBNt캄\r̓4r[W?tjK\Zb6+u@mZʴ8#̤(ݘg3(H\\P@㮿S]&v1(2D-BAJ\"?ro(FtYX!qmoSsJccۿgGj(Q0Ħ\nO샾`Uj١\"1\0v^dg>Tnva7Ε^|MI-`\'{QHPgDX:\nU}d~\0-jHl89(0+UPbWn܄)c8DrՍ<)rEn>5dc<K2RPb;\nҢ3	Ȣs`-`qL4uۑ-@I!rFg!kO\\3<rh{lmJxt)ac\0\ZXn*n`zV%?.<ƳU+%h0a*@\rCaDzÐV;ڄPM\ZĨxPO`sj6za<)5JO)f\ZI	koDxcj]$:ƕHOGQϷ&7%m%3}/\rߍi3jl{u2t޾U+WǴx}QCo}?7\"wfB%\0J:ui#7J	wW]W=l#vxlORϏ*5\\ =p?Zq	^ķ*OJ\"̓Y\0LmLq e,퇔RX&&L_?L\"LImk\0ՊhOL:I}䥾HROycX\rs]&V8}&>\n*#h)^x_֧YibΆUޢTޠG\'Uն;fi-ށ.04Iqdp?{-4wox\0;\n4NO6A155k0ݐ1a\'	\\iBHn;fB\\a.-\')\"~q\\A-Q;YA$Ɠc}7-AyRl7Di{7qH\Z)T3@\0.چpbKҨ86-	Nx6PUWW|9Q^;ΤPdx5>Lc_M5R-A:ӜC9UEkM;^<^=+K+vRza2饰L%{i	O섀=$IyN!i\"3(E,^3b̟yH J3yt>l\Z\rdQjoBR{d_OBS& \0n`i>1DLhgŶҋCkRVnP<с3B沷%֫va%Ws{J!ԶM	}MwN\'hb%7p>!\0		Hfbg/*>tw9v\"!VV\0O+:(=ICu/k8ESɁ;)SUt\rW<cfy&Ne y.@sxUR:iȗZ}`jidDX~5$ SgJA15J{`d]\nP\0\0|+kZ$C$^D\0钫O4O:͖{\Z,GLeKEJJ =nT=w )ϕ\Z_2\0=Xö;NTI1	\'hCG ~{g}Ĥez3\"t!A\"!FC\"z)Ā h,))2pU\0chFT	¤3^v6$T y\\ڙ+׈CI*Zn3LRpg3>$Tq Qr|#HIu0W6{ySwGRҚHhp\nI<P?n2XପRTSbTGr֨K+`MsL\\BŊXu@Q$<pR@r\'|Z+/\nT\'#]Cuqי®>8LR\\V_?U7TR;]}ge|LMH?L)\0*\ZXtX)E[-DCd=J\'ª6Ȟ\0εrr\r>>uȱ6&8ڜw@yYWDhkkҊ8E*Xf	<eޟ5zÊX!K·@d!xt(\\)$F@\nCeNvI`5ޙpC>tj3(RA]VKsۤwVn(LH\nWd@ҘuqWT3[&ƙ<r>UC`=Mv+@u/))<\rUʠ:CLmOD6~^PENru>#֛1KiB#DoH\n\Z鸋{E9ŵ+h f+ACY	c-T?;E#n\0)?!W#/!C+)a}|g\0	I誚Aؙ\0)\'R>H8c-~?cw޸RVŤ$Gj=x*E_vj.\0+f4=M)Ӧ\Z@Ec6$՞dyf\00?\n:jtudx!j<aj\0ztlⅵ(;[i%e(\Z8RK{	38?D\0Bl9W	I$V V3\n*ITǅϳ$nC6E\n^98;/u\nI9\n7[N[jRI0c?h&l[}&&k$úi=!ц /dڑ\0qm\0MO:%\0jsEVWB&ڧh:	*=ycqf\\δ%u5q\\VC>4	W\\w\0#<5q.\'P\0HK#sԚ?og,3$GS3[]robW@\'gb\0`\Zj	__9K+h4ޕuTM$\"~$۩n9]VAF}.*q=g΂+d<POeO\0pE8h3m< qC\n=2\"v#,Y]D9 6hg]\0\0mZe%WuCtm,*>tWe2i4_wyRI S*\0I&^w\rt/*\0ux5)_yѳː)7{^x^_k6PqES1rʑ,b0(kQ`t,\\_#QW51CDgNjre	pqYY5Q1`qm^mCO@Aڡ%RHT*GYO%?*n&-	<mW_@)^5U(xcɦ\0\ZFM%4ӆIR\'(h\'mq΃\nv?i#}(4J]\ZtD||~A4i8{}jKŐ^44摚*C*9`Ur^ki\'kOh%#k@kWu1jq->JTJeY\08ym3./jn\"N<4J\nnH\'o`HbmZ$1\0z*\rW\n1IoҫZVֺ>CN\\up7Ij\0b6!|uN%W#+;˦<O`\rLn],GwiƶJk*m#_}	Cy*r\Zv7LњY\\Y\\次,J\rQ*\0Ml8yauI,(inVP*\"Mz]p9-^PЎȔO93.bh\'4RD(ה^՟+M*m5bi-B)Z\0FGƂ;oV/LYVƃGi[!2m2.viV%I[oI&;5w6L)b7IoG\nvRh]51l:jEh)h U@{M0̧XҰs(\":Trut:ojHp\0ͨ?EN/s)gLn` EQx\\\r\0\r;@V\nb{7Z֢$\r2&.62葥!88Sx(\Z?M`\'()\"ϥa4;eFUL[N9[iY_V	BJh(O;\rxUc25g?h)?Č\"c2Gd߁0cJX%\'IBcz5`Q<.O4:дq$($Fɘ,/\")Wa^eBJВr	ʻ	VH&`BP`!)J\02@#}Mᚵ.N݄z}$9[JYT}+*S-)HpKZs8\0GP|΢R6pCeGK}zXIi\0+xDx\rس4+d=S+.2J	%\"@M2󵙁l),>핬ܑt*4a\n4i[]j\rtǡҗ[*[RTP$]\"&$Ѷ\0\r@/(	>o,ND\\2S#4qҠ\\QQ>qؐd,Dopnt֭;IHD\rÔW.:OΖk$s2|j6ˣ}rR! α]*1٘[үA?\Zx\0aXP6YjAnVbʣ<	uj=>iUXTN/f7FƤ>O|JJn,`VSJ}O+QTAJnwjA+bwX	rCr rҹI0cP$j}GM@n6k	:M&g֐ز\nNniI\\!jⲨu\"	\ZVT!5u[#sMa=ު\\	pNee\Z+b\ZLVUejen\r\ZeeBBGwC]ͧ+(=G\rsYYV,eeeB','Denim Jeans',1500),(9,'Mein Kramph','\0JFIF\0\0\0\0\0\0\0\0	\Z\Z\Z\Z( \'!1!%)+...383,7(-.+\n\n\n\r7& %77/--7,,,4.470.7,07/4,,47,,,.,4,,,,4,,,,,5/4,4,-,,\0\0\"\0\0\0\0\0\0\0\0\0\0\0\0\0\0\0\0F\0\0\0\0\0!1A\"2QaBq45rs%3Rt#bႢ$Cd\0\Z\0\0\0\0\0\0\0\0\0\0\0\0\0,\0\0\0\0\0\0\0\0!1AQ\"RaBq2\0\0\0?\0(#8u?7x4pu7m֌<wN&ܨLFr?08QW	$NV-[.;md_E)6#fI4:|\Z#[;̯`.ɤf :[^\"a|t\'9:KW\\:~|4t\0v\\mcVڜLk!J\0A#>B2\r]cx8	^wTWo3ޫ|U&I*QF	d\"esfu!	_j \ZmgHcuym^1RWwWx+݉Aqv	Q	:N]y߻e?\0=<e$8MF137\Zozc@t|NwNUR	q$s6`9{ 0U[,N0ˌ|0 nXueY%!en9uL2<Ƹfhm\njr8:zoT1W\\sIш+mˀ.m@a`5mM/Dn7Yv\0]\05xߦ} @K\"q$QO\ZԈ9kZ38Zb<67\'A?L\\kYn\\7~ޫ97wFq?oMEVb/tL8ˈo\"Kyøy\0S	7-6<1\\@F,5qʒ.Ryi\'\0jtb@\ns{M\"12x?#N~{MO<mp\'w\0/O;;ol,:2.W_\0_Ej*FEOX<CH43iFwx8eй;?46^]\0]P$*g-Fz~o~ѦwFq?oMBJޛV.Ds*9f0{/\0oGߚj@fP_c\r`h٠\02G̕<\r-&ïm,_ǫX?_@aeY8_N\Z?=<M6uJ.% eq[Ӻ۳pkXT/u ΅ߋM|[ >ν٨%QBs:DM=ұoU\0WvWu;<\0ޠ8\0ރ~\"\"\" \"\"\" \"\"\" \"\"\" \"\"\'OMh\0S	7-\"\\BlZ\ZIw\\YvXlH?mY&6ױc65,t\\2BHX\\_A,[L\"^ݕychi~Has4M.we\ZNڠ\0򧧏+IZx8o!qX<usYOFc \rthN)E\Z`-d~r	-\r7W>wd2kk VSEQFHm{-m;/[3,69ƪ[%Doe<IAej.AA˚x[ޡ/wFq?oMDHޛ!Xč|n4׷>K*d,\r<rep=t=8.!ŤNnx`7wEb\'S8%X]N̏whFRa@piCEB{{-2.nn?%A7\0{o!.rqZ]$y\\R`9v\0p`BvdKkެNO-ûħkq.(#8Fb7Z2Q0<\nlDKT}ޔMpeK=3SznZ-zq?oMDu[fM͛cT^<($\0\\q5CF^S{FJgtױl?fAck-YB/U,MN02c#2ɻrPn\\N:hpxnfHXAІyʙ\0<aF5\0Yhwԋ+_\nzif&6{\Z>d U]UJ߃4QM*;uwk/<Gs~UGUJv\0f\0m%03XD@DDD@DDD@DDD@DDPu_7\'G96]%O)܂{-I^/fi[\Z, yDF\0^h7?`nOcw__q,X\'Ы\0s,	6.A8ay=+7im寂J>{׆bmqP	!im%U*LZh\0Ö9ֹH?\"֟\ZC #.7\'ckj8!l_o7m\\5<vFzퟓy\ZGڸ#{-d5ݕI^di̝1˪Rםݘ΄9؁ғ\rk5=gw,*⭭7?7!|ǅiJVLNaZl|B\0mMUFmrr=\rxƴT\\5a/+u{RW(46>xDDD@DDD@DDD@DDDAf	S|P]%OeN<)g\\ȂWR2Q{3[o8mFxAk\\؂|re;Vr\r9@*+%I5&qfc[q͂~NsŤx<\Z<@ Ohn4ς60twuC^֚+MIfkI!w3Oԅ45|ev@Q׽LJ]#.I`O.v\n\Zo}Px@\Zn{}L6`+pD#{ te\Z:NǹVImEpi)J:w@$<?%tx-94-\"|%Hi9k˃[pa)`<\0w-qDwP˯N)oĥ8g6091\0;!i6)LcSO1xkXg<ֹ;sǏS	h}5ԿyѐdW5tR3&b\"\'ž(PAٵT/_&T|wmw>UnWACVddps\\9n[7ϚPav\n;䊮iYszhɝ\"cֹoeTəs{-؟$k]D;-3lŤŦ#y2qSqDIkϑ\ZM̨N\\VB̑i\r#URB+$)#>;aF*R57ApKsolve51lo>s([Bj` ߫#	\Z|w{S mo6\ZĩYNcOr6GyE}uUORS9]k\Z\\*C@\Z\0ӿPBcOPNon]a_CIV6vkC\0I]yq9֘I[PܹIwvyA*ÝXʙIX\0\nÅ?g3.pnCzs7/^ɧ<;Ȉ1D@DDD@DDD@DDD@DD|wmw>5*}{Fq;ͭ坩(s͚	>\n@^CޯTFnZsnt$n+P:F4$pv=S̨/fI:/;ÎV@ɘD]bӣoc{hgSDFp#e\0Nk;\nQ&N::ŭ\'?^,=FQ@ޱ1⸭&ciOSJ_G\'cv%K#{F[i}I{/L<Iå6[b%;J.(@n8\'9ቒ949oǾˮ)1y\"iGTV#9z7A#6o5rJ \Z\0T7,_8.`p,[#q^;tonیԓ_ZFIkǯxqK.SZzC,4ٟ5@EE\r-ss_O!`#>FT_*du@lLH\r;\0\r~%Us$CmJrGh_ǡYgh}XNW:I\0A\'Mu之\r6fLy{Χ#ё67<U#hGo!CM)q\';iYx}_BsgTw߲WWH7MTU?}k͟&YdD]\"bBx%ā,oii#UHø6>7VqM:\\m\\WKK<q=ƛs\Zn5\ZŨ#)&;ldȮ-<챇%Y[KWX\r`KLO|m{[5xk{)rek-(\0\0+)03,PU4ۻ?;^i\0cML2LB/:9^\\SRMMDO<^\0k\0`-WXTY|A܎CEcGRWVC$d7=kC={Kw$TqOmZ#9o!gI&PǗzξ:iR;4s`.IS6G7w\rf\"w6o)k_UI^1X>BT9o9X.Sjkr\09u%2,T.>أdUɾףz2 Ge-CitmRؖ8ȑ}T>:EK]FU_U4\0y%Shm}4mu1ɍgy\rg-4l	ec^^ܿaOhOUOz&ѫ)/V9Fևehiۓ~jļS-d#X\Z{ܵwko\r6U#vUmy5iZǗ]s#yp~WǿFu\0q䱱۹ag*nkH!zDLr]y4n@?{&^Ȫ[GA:\" \"\"\" \"\"\" ','Mein Kramph',500),(10,'MotoE','\0JFIF\0\0\0\0\0\0\0;CREATOR: gd-jpeg v1.0 (using IJG JPEG v62), quality = 90\n\0C\0\n\n\n\r\r\0C		\r\r\04\"\0\0\0\0\0\0\0\0\0\0\0\0	\n\0\0\0\0}\0!1AQa\"q2#BR$3br	\n\Z%&\'()*456789:CDEFGHIJSTUVWXYZcdefghijstuvwxyz\0\0\0\0\0\0\0\0	\n\0\0\0w\0!1AQaq\"2B	#3Rbr\n$4%\Z&\'()*56789:CDEFGHIJSTUVWXYZcdefghijstuvwxyz\0\0\0?\0󁞾g\0FAOjB&Fi3G4^\nA?ir~AH;R	ϵ41(\'s\ZX9sڎ]qK)c<sy\'(HI<c.xR|\n^K\" tO8r9Ip1J/ P9(V<z+az\ZaphV `!Nzv{u0H8>ŸIa8sKO:4dj<=z7H~Fyϥ4@4;&$$,J)\Z\n:֔t$qF.]Gw֑Gj2\r2Cr:ɋdu4Xqv2z5.xt9+=	krr(({3ƢkfMv4i8=g?dpJUznl\'<ҦzKLTq+[2*tNk\Z9A&7HMu5DzS{zTp\0Oq5I皫6~H75Ι^g1&7**7Gֹ<@NpsUن3/3mEIFu%\0zd\\󻚉Wl٤#mY[<TGV\\p>ĝQiPc5B;S*\r5Wo[֚o<\0vZ}oW+!_vCJ5p3\0֮%\0@ݟjY[V\\f]`p#S {ɪ]ҿAԕƧ[ns#qӭ_[8;R6;t*KbXVۖɭ[kɧpJBjgO>dɠ>T;AcMRwJO<MO4XTh%H!i9@st=M2qKj	8>\r#N)#ɧ`OL~4O֚fɣQpzўzHq =(?Ɠ\0~$1zrsnw})9\0PI8\'qF{Rd\0c>z\0\Z9R.AM<ҐlACA#{v &gI9)1ҁדJFx\0ўm\"8n@(8\0sޅ=i7Ar9Ҧ׽06WޔCjE$R\\G&\00}h	3֗ x@ޓ;RJ+sH47\0qȤz0A4@ S*)u[\"z\n`bRgڌSސ6O $L- D֛?\Z`;!@i\"cRϷҋA\\ޘ\0ޛ\nqU城\r.Xy~Z5ګIqҪIuלQ`-Isrܐ3VKU$9(-;UZpi}(ZhY6fn{i\\qޕ]dƍ=yjl3OHs<w>I(i(bZW/Ag5N^m#M~\\ssT18lU)5bA&\r;qޓSFK뜞)vH .rFޚn2jMs֣%iHS֨KpsJ驾\'Yߵu\\2?sRgnIQ&5i>ޕ@\'jR@v?(8Kh{ߪ\0&j.q4BgRAdB}o+\0u27G.M\0̀~5	E?~u&f!v^Ǩ?m<r{W0zBDǡHUEL8tyغ#8jTy,\rm˔aV2HJ@ּ}w@McF{%st<W_iDu\0dRP AFLjP>yE;wC^yOX.7jRQ\"SyM8QFr}0IX`dU@r8ǥxqM>P\r\'I9RMI=})KE;\n:A<4ր?#RtsК\\4\0 MHQ`rҚ:g8I	``&C J}\0ЃPq)s壜醢t\0wLL(&}zONzRE		ފn\n(iҐNs\0p13;i	$*b\0}@J\0\\sKi\n\\> Bsސ}E\"Ppy@GO00y(${fc#u1J\0=.sk8z:sFy4\0~H4<q:N}8Z\"\0g#OXbG^SKq/4.@HyI֘ICqr{MaH[84K\Z\0x`h=sN8ss϶)71Qc4H9Oa4y\'YROJB-KuR[Nj$=j8\'\r4[U9n\\Ui\'lsPI(ϽUX78oFҖڪ$֘d=\n,3L2dqP\0:F\0ZQ62;{US7֘99*YE6;9j\0\' \ZE(\\xT=E$䁓֐$bqEDP9QL2ӭԒf\0΍j\"ԡ+BskhI_O|2\0|QEw{_Y6ʛ$j-jWm-ϕ,qU/o۽~xOS^${ˣ\Z滫oٛݚᇅ\'<\\2}YU&CoSBV\"qDW7}Brs&+W~kpMÐ\0v	n4aH>\"\0.eK	P\'T)&[FΙ7qJiXUZBN\\_C\"IW_|\0l`F?g\0_:IO-n[piS4ݬ-q@})ߥ+h&.xPqӊjƞO43IzPJIR +$Splx=9pqޤ\n̕\\9_UZxbҏ\"tطsSG15mR)㨥ѡ8YYfFz~f)>`n\ZpܘX2R:ڽgB̺utG\'xr;tge<Ƞ,}r}ѹ5xă_foF6kq^C,n֓y$SO|:ӳ`\0^})<*<R8\0<PFHzAr:zSzoZ3Tⰸ4HrxAOwN:P_ΐ74 hRx<:Q^33͖щ1r3!li?![0i҃18sQA<n99`A\\<\'H3hAS	\Z*M>qqMpqz.A8> J!8=sIOcKڕrz@ӝ÷|ӹ=!ϨSGOz׭(\'(ad~TL0GSL&h~TRFp;C$Nl`v3$ށu&B\rj\0G<g$Qx948␱MgҀ3g<f4ܞcޓ#I4r#O\rґH31ZACu6b89ښcG?J51Lee\0uSU$y?S	fg<TUUd{{U$$Y{qeNA̤的:0UX/rG|󚍤#5#\'HRң.zޙ\\v	1rǏӽ!\0֚e+9|\0c!:g\r/5igg!pj/<\ZBq)3Kikq\\mmH9\'WԿ`o|g1oQ#d\0S@nS=/JulIfmH*M}ig	`{y\0ޜo0F<W؟\r>x\'֜--AmpT,Iu7]AIu{r@Vڪ?\ZRfs&o߆Ez%@明#eMmj:彌-=pD^W\n?Zs>ӧx\\UJb6?|{f_u76(rt9Vѩ$n<w<Uʭ%	OV~A}I$R,ʺ=EL=55/\Z\r%K46*+cOUn+;RXdee9q22\\\0bk~ =w+I`ܚؓR]ʋ$l0 Jk\0wi~1\0\rJ־igor{\0mu!M|4xL53L7>?Wj\ZRԵ&_VM,sQa؃YNڷ;?hM\"MF8t[@g	.>+7íw᧊o4IvA̧ơ4m\'zi1׿֕N1ziz-=#QԚrJ>x|-_#\Z,(J\r\rgԟ	dOxFXG3t\07ˍ{	ڽK^!-<vZtp\rX|im[uy,U¹;ͻ٩u^^8>x4<A5>]6cѩˁ^cuuA==+MKM\nJ^oXbpќdC7~qWI$3{u\n:k?8⚻Ր!=SHM4⚹&:{ԊF@1n78jXp?\nGQ9BD)&\0RT\05:WScSk> >5TA>]}o~#b,}ߕ? O5Z3jD$;а! JfwFsۭ})s✭OQFNG\\\Zjb҂Ny֣>ԙ8w$tQJ[8&8sH=qh\0ݻ&@ϥ #8_ւrHi)~Fr0z:fOCޗl1HN3ޚ~T,;Ҍs֐rzfިAwJ)oƊWc,sJ:H04cYB8Ό?wcɡitdgoQFG\0?wqM~H\">\n`.`A8MLEB\')8G=zhxH}zR7Q!oplbXcƓ\'0p)91\\SI\'9tS\r9Za8Dqܑ\'?W@`O-;)n=?Z5<~QqUa^.sԌU9g}=E,\06sUOXُy	8a~z/ {Te>Љq\'Ni\'0zTbӹ+Fr*iFҦVzd fHlܑ2EI`dQ!<C~\r!libxw`2X_a|A=GoLȿ~Gu>p.XFG;V8Ԗc\09\'Wҿa?\Zx<FOFtو?5?GՕvla+ux!yfXbAwl(iʭ8_VGt:M?tE\0{WkkX[qwpBV\n}M|\0GÆӴ\'\0[+6?OW?j|fjĖzqoNv [+VtrwzP_;\Z?W+v\0\nG|Fw 5Y`}Qݿ\Z䴭$v)|+s}5YXې,Ǣ^DiC\\G^Y爌n~|pajZtzukzL*c 4(D\0i`^WILds1\0wן:**\Z$/$`l@0p}\r~ቬKM&nm=:\ZD\'>z?zzWZQ+?[Icu7z^!c>:t+\0q:EJs9+sכB{/xXVv$z\'}8eKу#AjKSWc׼-c.k#J k&em`M]1\n;Gk_Kf5[i>4Pt9p3nHWͿ?|{At^k;,l`c\0\03dz\Zv?NmW~_\0h5M\Z7SA`1BpjھɣS}χKdN|ãw}GzC~zᯏE׭\\-i\":LpB+/|&n|,wʺqڳznkt<GJ^^&=NI/`ڮ&/n|Ed|qXಐTs՛}fG)RW5!ƯMArHԨ\"<7qo2\0}؎ۏ3H\ZlzkGy^WcX4-\0hi1xڣOM)s\r4@7?.q\0wMǆ9y9Q&:Ѱ7bTsTt`dc<ޫgԞk6ܒàPYG=tl\0J[,W/+}k]ck!pq`*ͼԕ hϬ\\9(s? ]Ḇ+T;ܜE5L:\r $tyb:zSyqڔ0#\np?J Vqd8~aM:ڞĊF1ڐ1-dsEP@nG^=dqMƜq9^8#8G\\b=(׶;XFi7д29}\rBA`H^՛긠(O^)7$J\Zy9ƌ4Ey4`c4nC޸4`;҆\rҀ)8\0/9(sϥ#`OZFas@r\r=1M,9PR3n8JacGJhn8QޚwlK	敆/lu$ښđiux9<\Z.{yOU6NyUInGWTdV\\x<U)nt=A=fzi$Nrg=*~5H9P4#ֆI<gsy>ҠON\ZZ&ѓPOqLg$\0x8Ƒ)4Ҡi0zR{T\\Tm&:drNE!rF9\r	X=)7\0:dqP1 \0I\'þ:!֢\rī=G\r-ށ~F$hv$\0w>Þ8_\09eE\0bϫ5oٷ\0xFWPpuL,9@+4\'yV8e\0ic*\0\0CZ]0vePգ湙\"Y`\0o,k?J]BSMoG~ֿ?>24M,z^.G?lA^WJ:w9ܛ՟~q\0xᑟO\0\\BWʳqoi]_Wk)˦Xǵx9b.F3ǵ}$Fӭ?[W |4|)SDdMY#2rgWOc`n 6OKVuf`}{׍-5}h {W:O&ѴwBIDv![ry#UYd pJ:y:v69P6`vw^i̐M#lӏƾe	YuFVGɚ.	\0\0p+=\"+	Pd8y޵q	?+YՂΈmsv^_nZ.e͗oyđL\r|>@㊖)LlMy5)̍߼?y-IWV2W#!A#86/eo^Mg|21\ZC<+#h*ox{WcT\Z?L#7ej1e=_QZƾ\n񕊂f`[^*Ѷ:Jz<\ZU>@VLhc?(J蛧j㜧J|Tns8Q\\o۟g.WmFG\0&xOmDy}WnG=+55sb_/r\'	t^ӥb:!S8Vy#>}~-#o]oĶkug:.n@ѿ~9~_g>ZM1D\\%##ɫ\Z^S֘xz\na6c3@K3HF\0\0UP8IJOԄsIt9=qwdSt7(9/R\\NO_¢<ry&VJ6<Ue 52} s\"#Rqդlӻ=OΓ-\Zu9Pws_)YiD;JA|[˻.#U;3\r4ce\ZXM\",g9~{au*\r\0֜[*,МQa\rۚR1zu2z-\08L `}hQL+zqF7qMA$8kw\0Tϯj^qӥ!$I4``w4lw\'qず=@{P	Q!11E&4Qs1@鞟Jsւft Rɠ)s!m\'<w`H\\(rz7s\0>airrzTcҝnI>rx?0iXڀSG)`zP~	Lᇧ4:Brpz+i	qMbq=	֋Rx48Cj \\sRG|pzj9sJ5})fk3V|DfryP<]J}xd0/\'6Jj۟Ңi2zT.3A+]Q9pTΡy?Σ.v?#DqQ84~=j\'Vwk#I7^j6#IRDsM-7<`~\rž< \0[v<|xfbG|p}o$߳#In8N\0Lն}\\{a\"kꪲʍ\0tgԚ+D*4XZFzVgg}U\"tk>mgRē;݌5闺E4FY9~~\0D[]I`pCZeC,\ZZ+7Lv2;z|,;S_3ܵg/?\n\Z}F_#o8iHXQ1W4}?o_U%ZEp~T\0̎yȤ\ZCEI+b\r#u@yU9_zT!O3=kW^/Ml\0\'WkQ֙<sAUr=+\"qgae\0sV%$:*Ӳ8g|\'ciFђ\\\0\0ZV;,p	`޾u`5O\0c$=:{kMڧ.cVn$fyɥT\'|uIȯC-bh\0˧QN\\icp}\Z~g_|izE)_\0Oҥ:v6pծc	ASЊw[_<ϲjvkK\\LG єGk8Lէbwtn\r} =eՙg\Z?I4qذyaM?~?+W\'xb\rZ$X/֧|qY{KPZ&#H~|yex7[m{	%&Ȅ,G~XWB^FOz\Z)|-xoĶ){\\\0AER_J6gviۮfz\'{Ì`ԕцHf/ξ-k;{eL$cY\0*`\r~|Ji\0߉lc.o蛳! E~;\0;x.{]7UQz{ՍU< 0sSMAacf-~\n|\Z>)ʶE,W3<AFdpA0}Fi\"[>-uoSXh+wVTqyVR@Qԕ`_V~^|B>naXce,2*{;msy_\nĒ@NN=\0Z|475+?)N1֐1*j@Hs@c☮8p:\Zzj0J}CRӚ,mH;1ʬÑHzV#lGPe=+Ѿxiwq^khX]5r*U96?Ճ}i5[sz[!\0NH-Ҥ=j\0BOOڋ\\	$1@\'4\\\n	j,Q$v=RA q@1F@4\0rMMqhݎGHz\0vI\n$C7SXGh+?/lt\"zByZ@8sB{rKg  gzQHq$QHeA\n7aOsIp3^@G=?\Zvr=鱁bH9=8IqZ%wP1ڐqI-$t\"}ގJ?J`t\'P8\r4pz!&.}zqHNy61wSXiwg5b 9ǽFͷ4Mxs\\FxRi.6QJkSU*g<qT&#<Ts\\s*ϧ4rg89*Mp̾5Oz2Y3ydT/(NIdkyqLwu=*78Q<.E%bfɕz0sS7VM3|#p8I{W#ǿ7z)HwI\0/Tǋde=\r>`{?F:(g־?\"|=A^5% @GUEubS{׳\\j),P>Vz\'V#~~?~7 \Z}g׭!UI\0U%\0>78I}t<`nۧœ=֊OrO]`/)~s~I$\Z\r;N`ۢgVK\r\ZvK_>vXKcO5$ֽ88-jjUI|IsƓfSAd[&A+ۄdKqޕj2z֔Vaz;qV3welɁ\r^ӊNفy܌f uJ5(c\\Ķ5ۂ3+sSp2z6b[k!F܉jɠs\0\0<g\0Vn[nwkIJtF*\'=˥Z߉ȖjZL\'vzNG\rJ5:39C7lYڅwдrՉ<yk	u+YtGUnU3>:WgYŨB\0+sϫS2еotQ15~\0nuz>Zf;IV=zzvǹWe1`#zkϒǝL+\0m|sDUߢb0Apx#>;lx;-3W\0я^t.bJJXq}z1XZ\\YRHZ\0\'}˙	,o/&ӮO$Gi#HBͧZ^IC4tPĐF#8׀0YI׃ҹ_\r4ω,R\0LM?e#A\0:bQkQ\'cCix}]9նae-\0Ё\r{t/j?`y丹k׃7+$B#獿տ3:yfE,tO,:u##QHQgCN$MeiTFEy)Z<LPzך\'媲{\nmPuyK)4{Kh)\0g=V\0\\\Z6;qAzA84ˏ֟uړ4ьRBGZxny$\nOelTF*\054du+b t?\\>n\0_0]M$2d\\#=\"Kg05f&sA>ǽ\r\r3QO5  ǵ@ޤG@R(z{RpAS=)U`iĜ$ncHziڨZS98\n4iێiS}NmD$c\"/\'#ڐ0#3MFt=) QqH=}84d#M\\/ǰ\\~4Sv\')zSep=)ry>y(94\0xM.wژAqy)zO䐡<g>02;\0B:sH~Z7잃܀9HHQM	߽ _i#i dIQ`L~v)==\'\'̽?ZCspsU\n=Trs׷ZΞ3Ua=Sv>5\'5Z{N~I<ir;S4<TRO1\n19Umܞ9i7w)6=ǙF{y9=j7pMfDA\"3uBґiYb9ɦ4MOׯ|}񝢸:Υ`F=Nاy\nϱײ||}񉢹}UZ(J1OBC|>Y{Nz<7u(ޱcmWM}򁐨^\0.Z#þƿ/\0.xa{ba8rTsж\0%@xooK[CW[ҴI)?=ɯ>,\0~-֐\\\0%ɐ-4\"y?:էEk[|Ls7/f[Iuk2fDg>3~؟>+g:bo޺y:RIg;K1=<I\0Ey1Dy1v^@37,XŹ$$[$,oZI6ה\Zi;pXث5w;`WUU1W=4VՕzL4א&͗KGJtU&N(Zp=7 UCҙ\\Ks\\椛#\\0k\"=FlV| \nkN$Vl}kQԙjdqޥWsОzQ3kMkrg&f\'5xW`sz\nȴq׿i%0T\\8vua)efr&~W=kILRBUB+Q{*p}$g(<b6Q_E>뎠ԲIܜ[*I=Mk%\\?Z\Zݺ<0XA!A6:.dZ w~5]Kx\rMBæӰs=`\0ߞH#+{:+\'Ihh 9P1:W>ڎQG3na\"loHsz1^6#OF߯p՜h[JZ^z]O\0\rǉ-ŝQ ][?һzl)SҐ?\r?h?\0e5kI2\Zk]9ݏ\0t/ֹ[Wʠo0,A\"~(6־Vn-->_->Yऊ{>&gHcF\\qL<8#(ޗIێ\nP;O<Q=\0sIx)GH?J7Z9L[n2*g>юzfҀ49>zMwt?yuT}+QBA#֯t+H@N)Zcvq$\\ROdkN9s).i؛6H$T)%AIo\"\r$pAH\0*0jq J\n8$c0xc4PI#8~3S@ ujbdɤքB12iISBrO8ipIx=E4(=K`1^xY\";fZg;	 ޔ6&F{׵&}9̀Nx\\)_ZMRM0^jdc9sjJXh#=* qs*5{֘3^ǜVt=C=xU$*D6֫<n1U\\ڂIaU̽)Iyn*.2V֠3cn٨^L85\r+֢vs}魹zw_\Z\r!\rfA*=۩\0k>~<\"Ki-gI(>W_?a|7/B5FM\';@+ݬPQ\n\rcj\0tTQ-?x} ϾmM _qWy\n0WҼ\0=꺘ձ*}2XBeox}lW违)ԧEjyp6}/${{HjZ>M+N\"Ys_|X>\"|XYl>_Ynd__μE	~^YXzI5;XgNzGC沞ՑYŹ##$ML{a~Ū&@\Z μwsnf1!z:l5*!_dI69I(:(\'cYWJAqLVe\Z+-H\"=+Oa\rIJ3aAI<~t\ni;8A]@?HX\0\Z\0$Tڻ\'69OD	4$n+M4ϔdsWbGݬdB_Vf$)?AU籕;,\nT{Oᓷ3u-.`B=.1\'\nk!r)9~,[GDrh8wtVPyC]yfmGJ8LsO ¥rt[&!OV[Osy5Hu`gֺK9t!ld^ձhB?B<ڸJ$l3H%hzzS!r\n\nGEܦ 2\0ZK<WL%a]G[CxtWlj=GIcl|W3CBmܬs4R)GS=+;<#I$X\ZDݴT1Aޘ<|ok<A7^y,Gʲ5a4hj(59/&\\N#~ک5ouQ-q?_;1Yh>?}gp9i:zpM`n_^\0oE6ncؖ$m2Jq\"0m=,~.갧5Ij#\'oU|K\Zz~)TtG?\0kqLIj5lҒ(|IyW\0S\'mmOQ\"dg#elޫ[|,nStz5Bѐ\Z]M#\\RB1ҪgWX]ï%֠DzMzqM7)dh:qKp0/NsL	}*E9$?ZzҰ\0qS!${d=;3)-?1W~٬Xw>y5hQ),%moŀׄu{{8P0׽{7t* )iqhXT>8 TԦz\nF֜P^8ϥ*	zpMJ=R@I{zfpsV\ZG3dwj	1M$cJ<R0}@HI>ѰxQITr=3ڪ\n)7Ո\n)<4zvr:gEg-KZOޚ̓ҀqSs\\}im>1y)~FLcOzHd!p\rA,AV\0TfM\"KS]t}ޫ^|1Te;;\\׶jQ⡖pAfo\Z^LNOJ6OzԹjIAsULjɱHҠi>0kYC_5xcF$;ev\0)>-PJ~cs^|kO\rIdjY?\\GGW\0`$x|].Y찌\0q}3	N\"]۠H(iΟ?a/|?u񞴘ue1BWyKx 5\nFU@\0\nߋoZ\Z^&-:d&#m[a#Lۯd_\'r)nqT&}sGkZK2M5],b|PU\0i?x%<I5䭺[2I!f<,&N:gҼKH;dթ(YdF$1w<Z;N:*m>}BVI\'F5[֚rWWDS58GkBS՞n̪rMI#1xq\\nZ41@	sϖ#<ƹ<ChS)YZ-y}<\njmx$rۭWԆ\\*g:IpN}+QqvgYU^0KU9HybiV?\Zd!b!H\0yvjgI  ]0ӉVֱs~+Rl*s]=Z:	cK\r6{Ald_+iTX\\/e(,Aڴ\"1XԮ	W@:aPV+cp1VVp*nLq\nxxhU[px_sW`dӾό`TsP/}hB.>m=A\0\Z 	$g\09F5ikc&u>ͥEXn#4	\Z$8Aϥor:-I\'\\1O4#׏OXQjm33Z[کB0V~0x\"J+~bXc4xzSI4uzTwrP~Xz0\'Im/XVYbmtV-ҵI#О{קWi=n>(%|A -#U[{\ZPx]EcjR8]pB9f\'ɮQkgKڿ+F2 *!\\zf23>mlS<R#\0nWuxO\'T㐤W+ eDUvP$)(k0aP8=7C5Ӯhg3XR~FR:N+NQʯm#v0#\".77h,k1 KFRu%\0J\0\0W/m?Uouɶ^JQ|Df4Q&K$(\0\\\'\"O¯2[Or\n0A1FCgr):SLchv6SOmDחd*r\02p&t\"[pt6oH|?bڞ\'a	}+M:bKHXP\0M~\r??#	n5I.\"Qf`?9p?[_em\rvڎѱ+	*VY)m#A\0yM9^A!]MG8R`Ӱ<){Gʕy\r*x曜T2Q$4 {WR\n68m\'nձJڏA\Z}~\Zm\0fw\r-뷵xҺgGrDd֪A{3C9X?Dt{ʞ➙*Aԛ8=01Ҝ|T@1@ i2	M8|vnS@<~=p\04(of\\\\E8/7J0N*\\3*c4QubzfqJNOMݐqȤy4O@sϽ&`p:ӁEw$F3ϵ?JCIg\rduZO)$O\Zڋj>:5ҋ[)y\'5qr#?47\\V|XL\\n8<U$֫buO$ګ4g֢VϥB\\=*[\ZCj1/=j&5\rs\\$|69ڧ-X8-\0~Ss\rGGIJ~|G/IvEA_j| \0}o6o\\G\'\0ƾBӡ;}2;[H8z^RdJZ/|\"\0x_^FIp\0n6b/5V>\rka1h\n8Pk^xYTWG#.3>ӛ*u	k:\'kKF;g\0h kP[G>eħPs_|a|a㷟Ot?i\rca_n0M|w}wjjW\Z.2;I&4hDP/-i/rԪj+\"_Myw,\\9ysZТZI96sW$ެjOsn)?#8략~Q1ƊG\0cZ\"X,xyYc\Z47v98\n\\<5\ni׏1\r4A>m09`z(M+`h7JzaA`^υu.!gǗwo^~~zfDmF)H8-^T*ӱn)єg\r\Z(|Oަcl@E,,p	#זjƒRH,:zdVVNS*@\0p$v7ڔ.~X>R>aNPwlvaLgڭzUQ)\n8\n9\'&ei7\"yf\0?.RE!b<T2M#16K&u23Չf#=:U`pxtF:Ep2z*\nK{\0*d	]iY8|sɭ8aI䞕Zz`u\\>\'E\r\\,W``ULcqMIFÞN`SR@p@~5a#<w\'Ms7=|ch,Xء@7`2n,ΰ50~5ʣo\'ްCy v8N\"З8䄩8C]5 =k2xd#f4>{G j=Gn3i!Dx\"ޠ3\0qRE&[dzЯ%[io	\n3ׯZ6B\"R\n]mk6:ssL\n*uWm9/3%b \0}UCFI<5K`\rS(=ש#G	x\0I[W82b5b\0Az\Z~;tBo>Y*[~:דw[B%s-Iz|\0xOG5`&3,u=jqTf&]<\0H5#>!~њhBɬ^TqfR==9\"\0𯁾ϪxH],OB3)_^YXAa6h\"TTmJ~__Ϩ[\0OX5b<N}krmb3?|	H{0~Klb\Zƃ,ai~H|y\"1GF@\0\0:Na\\wψo_ZivmK f u7]wSGom\n$F\ndO@\0_𷆮|LO24ap>K.W\rKW2K=dv,~$,Zq6\'Ub4ط\"qϽ3njF c֘&qF$ў9<9=Kz@O\n©iA4~ \"*.xJNGzb:6pY gN>=Fj;P#NL{֭z}k\0\ZӷV=\ZմXџt_C] 9#J/v\")\0vG`{Wz\nJ:P\'F$TB=l=;\Z#Sav2{Ӈ\0SOKqBQINf\rZp~0G4\"4	N\'* Hlv\";zA\rh#ޛdjU?S]x$֜HZBlPUFy\\<\nyc=>Pxx%px,\0ˎPfcT+NL5Jy6珨b5#(YSZ}\06\rQ@Vn$jM\05ߏZa$l-aBzSw\0sߵv_h![l l>}W8R	e׌>-BƢbKlO>ϵ}υ7=\0P\\7e1٩s\0G,-t\r6;JFlXA5sHg\'^\Z0?\0aEif45çivvn1h=Sş|2\0Ěž>U\0y!Uďs_xO$կt=cL~ϵMZ#RQOgY!-YO\rb	\\*uKwW/^kmd&\\-w}!힃WUiaHWԣt{r%zC]5or7\Z9?A\0u_[?Ec\0Lmc/?<om^4nfXzu̫6Yu\Z}#xJnwG!8hj/c<seS>jM]v!Dl`G51?!AѧB|iZO3գVm[-SǵSJ4}B0d8f#>[Uck; mt8ǯҹ\ZSBк<s	/\Z S1:כ	1j._եt@*ų__ҳԌ Y\0\\[ۥ4]k7\'S\r9sYGcP{-f5FjOSX|>^});-3EH{pMDn}Z\'sDVDa|.މ&1T`qLagpw#֋qΟ@gX \n_<\0dR稍$|UwG>rq^dS;Hѷ Z[YIh[P2pkgRi+(Z\0{[=qS-}+&\0qӥE<\0*GZ%]+-M1\0}ԠS;\Z5@L}wX9\rҲ\'I ֕ۣ?ҩnoubgNg0FjaT&9߽thsQII\Z4@{@OsJr==\n11 PsVvVA5jXqSw\ZKuu;yqA\nwcCTQWВpA]xYHt_Pmb.={\0~<55?Lқ4H71bn_I;5$kُ}ɯNkV|.3i|{+	_f~%\0o>B<K0??=+\rxSF^ouۮحmcz2Ql[ǈ\nt\rX#>}lNrMΡ#y~7GGܱj)iJZ)$?s;<IZm奝Tub{|I@f;\'RC\0MdHE~[je^}K\Z{X6H=ɫQ{]a~z׹׆Zmd&pe?¿=s|kutҒIdɜ;Uzف9犉sR=MFG^*cf<Ѐ!^{QF8qKhӻQ?8ҁ1)*\"ySpq=И91S!cPzzԈsv±v& 5m\'Zɍy5vݰFU-tVSm`Cm#^Tj<2 d?ZI6=q]\0ýTߵaUI]fzjN޴|j@p}],J9:giKN(\nCuFrܝĊ0r=-`;ҍ\nib)\0g8w?41=)FMX<dzR7#*=y;8Fb;\ZE6M\Z<bNjc\0#JO֊.\Zszv5u;(f5*zy0F@3HHZ+wSd/&A\'֩]pA9Vxf\0eHYjn[Up94\\Kv?\rxư4R	fQG\r}\r85Ğ;7\Z.5>Kضա\0恣\'DGmi%a=	I#,!$w\rjLvFlƾt*MBGmk\n,y$\'+96r=߇\ZT{m.A 3*c1\0Do59&>8NWbAsv];%՗Ւ[L7H	@;=}~x۶g9ɭt;۝{Qnk\Z-qta4G׿y֙uy#Һ*인XJm{iF:#,$hktFN09kӮx޺I}1ٌ͍WVm+H#>Z~c|?EeoMyv2L)<]zd<ឡ{O;4p\"3ʾ$Vq3NIwegf19ax\"1qET`\n|gGQ2yB}~cy˩bP!\'s*ua4|\0+uԜ%co5MeӎHuq\0MaҾmJK{h{~?mu۳Xۊc&/VyUW])eNu)j>lc;#L\0ԺH<pV$.y\0O\"|ћ#\0ҢiY1\\Hrq{S\ZBO^i8ܙ u6ޫ&Ty$g5<2\r8L9>@M8K.:DCғJOpޕ%2s@4y֑sxĚ<gZҍ> rq6ޱȮjF=qV#s愻+OB\\Ђ{T\\Ѿ <_T 8\'=+I\'-TN0yE5c3ոι\'\'sw:_nlTOYkqq))SZ4u%0>XMyC9hjzLrH#Y.@Oey {faؙKf OJ)pH^qΐܓZsetm3ҟ};T!3ԙ cZ1UKnrNsW#5f|o)}<hŰ)l\'(>W_\0	Ÿ\'S\rFboe!>tӢڕ\"ϋ~~6ao\nhC}#ʽw	M_W>\nYjlfos/xQʀ=,#5yq%l_#8؟bZKw #+zk|\'X:tn[ZkHcXvQR֗<@\nE=[`?p>9NfsmokaQncZ[\0_CYI*)IAl{o%\0AӅօu8o\0vyn\03qj[쟌ߴ>hmXFcs9H?ȯ\0W\n/BH<.Coo\'E\0I\0\0up=I<ewίjZpۤ=W:ķ-Z$ķ7r\\1bsU؝7\n~)Ly\"\r8튱O R25=nR*cs֦c}\rBqnCm\nqR~\02NxqJ}fiIx<g&~1;P)	ҍj2LmʚǦ{R8	=Dcp*1=x4A\'v0FB><{UTݣs$ѱWCEsmXɼoZv!A5-6<2{\05|??;3WrkGSdɕޟҢ=1לAHOZBC6Surha884})=)/rs@⑷ލltݑ׏Z\02:?_rFiWi\"BOJ\0)w9S1M=Ȣ\Z#F\0wS\Z8n759XǽQcWn|\Z?\0;u+H=*\0 u5uҪ]|ֆ+a\'}~VYC񅧚$#q?ޘ/ٓJNB=^݌jxOKU+xTGh0G\0M+*%s!=iPjb߽>b1.XӮo!Y.bheC~zGDes7:tq%US ߶Gkq\'PVEG*\0qi0kү0Wzмo/8 v>\"Dim 2\rm#I}#GhwҝKkӮ8RF3\'`x[;MJP\\GM9n w.z\\(bxz\nfJ2;YctK-}TR\0\\mrRݥZg/\Zh\"gq`s\\ELv1\\\\F=\"-I5?DVW-[jkoiջb6\n1w!>\"7$Wm%,JyoGR컐̠Ⴠ^fEgL$k(5h%P{cОkSYjgfpd*Fz\n<ZWxvk?\\uhpp(1Zi\"B4+3i	.He]󯮼KA\\YDE:`kh7w:|52嵿cW}+r,T߼	\'851$|[nE\'<^Hw-9T2g.Rl\r!\'<J֡2sQ\nj6)$]pxqk]q^u94ޚvM3D֑5SwsX90wcHjG1#i{U11y#D\\GJv\'899W{cEV1 sMXKCE\'5zр9DwWЌqX$碪hmCqjlc9椎MўF=}jl\'Vƈ@&pީC\r\n	&մ\Z͸yA(m9=)qǭ\0\0*yYkQr1R|B|3ozZ>jr=O`=\0>\09jo|tM>O{M/Sc]0c3:8ei=O>\\Xx_FP*@䍖Y$?*:_}\n\0{[gk\"xX\\:m+eS_Rkz?t}3Fӭt:K\Z/OwzZy0_z>Ķ2,(!\"*Cҷa\0F-/`̛z?\'<VxTҭSݏ$5n@ǚ_Z;xpylzs^\rD|BC85k]%X-x7\'|o%.3{WtlMjm;\0W|X-<R!v~V>3ɿw[ƟRDPm윭Ē/A|k䆝%Mj&|tyAڻukX:>6Oy6YI4GБ֬$9#(lcT*ۜT_#P4bL|=z뷨e\\թ1\'篭!_3OM)1ޫ(áFX`+h=@sގǭ\n8aCcJ9\0H\rӚBCc>2GzzNb5\"Z99\"y:HRN}Rnc+fLǽ`B\0iɂ2r)ict8h5swmw+lk,eޠz_u1=ڹ;=J&\Zzw\rO@v;wPgޞI?bjUvn5mݲjvpxwJb?=HM5pAzDTڋrs@@=})ʡr晎9\08}h$b\'\0A=9R`^J҃Ґ/_A\rKQ(*s\'ң\'i9fy\r}6Y^3) |1ZstUOНQ(5H׽X= 7M.s_ំ\Zf/DjJ \0!ҼŬzOXn	?@VʃڴRQGjDM#-!4S9ǑPJ߷V?  )\0;ʻ$~\\+ļji kȌVnR~\nTiM_X|cuxj*Zn>	\0zj]GO!npG>W5H_ChKwwoY,ZuNikofĨ#GUoN\'q^sk# VhJ$c(6=\Z2=7M@k:;	]~\\|>*ǯNWF,,K][F$/D\n?8[Is+ƝzIЄ/K+&ȫs)(ZR.B2\\Grx)Mrk5D+)g\nOc0&z\"\0	+Ⱦ2hk6O}q=A^p# EO7b~_u#K1g7\nwG6!*tϕuxGylUye\0sd]3Rѯd\r!|RB^y-$_JqR]On,z{Yg995Jk꬗<tl.qsSd;O>NA\0F|}*vGJ7c⇠-K^o\'\'<[ӯjx\'z񊃮B\0RWYg\0\ZcY})8M#tKpxH$\\8#5`6O|]^$e\nT\r5	SA\Z=zuU6aW^i\'5d\\gEMwƭ.#	1}U\\H`yIHKpI58r@ۀ>w؏~Ϩꑷ|>\07گ\"y\06q0r嫏A^<V[$V!ݏeQ>¾\0SǓî\ZQǕnz_d\ZRF]׸O_h\0e@6]H#!+R,^yVGDq>x[Ngt{}*`-,ylrMw6:uƠm$wWCx<I~cu/A(R	\Z ]h7\'vb~\"I&}VPd$+lZB$G\'f\0/o=i[Rs,Az{~/[mzM=9`dci\089MZ[񗎴\rγ=ZF-t7{sM|G\0J<]ixK3#\0۷#prB->7ў7㮾r}CmU[[H{T}K\0Ud?0QE{.{~\0zG7:\\ꚍnC#\'vH\\ޭۂ*VDhAjQn-bȭj1PجŎҬƀm_jl`(3RxNjFqt3wH`﷡桑4<TM =h6Fy]rN11f21	략#|Ğ=j&1dF~2y=ƘNSRu)\n1\\dH{F0Gz@!<4s;8sOmh?iR/43hEH=ѸujUb1P)jTUu\"ȇ#lzU5H6:+	x{T:n3\0=k淭dޠubl #)=zX^Mem4.	9#Fn\0M9T~sgjL2~\0*ݷ;\nwAZcs^sJ9O#@O<\r.Hϵ!=hq F\0z	#ޜ:<Ӱ1(=fVђ8@8<SXGjՈ295^d$sҬ#\'h923M:QAWSW8>Nez;jf~~z^,X3l3/kt+/g0Ix0\ZC\rwJi\r}c{nJ +\0ַ3Ozpu$|=:g{qc\n͒i tx8 7a֏ö$m+Rʍi 3_Ezݟ4[WNKR	9Y#u>QN-n]QktIRx_C~^lyi$kGpD\'JEs,Շt\rCF-O20&>o-.5u\0:H-_}.-ۘGѕr$#y#Kҵ@==ӯ:ךxu.u)Z+H%R.B{W=+15=[9mbGVcW07N3\\jZf20Jf=&}-u.[L2*rZhڒ<i۰v55#R?w gV$M[XKqmyiVF-\0\0}k.Jrom\r%ʺ=>ksk;ilV4a\".nYzަwD?(\Z{탭b̥a\nx+\Z$GofT+GM8MJ}1-|ox*}N0Q\\ӍwKӬu]ǻY40|ݷ=3W趚^-dC|Y^?S)>huQyBҜJ~\\]/Rd5\'~321+nT̲\\YT3|6y\\dFǋdᲹ#ʂY?B})xKE`Obh\Z\'q^\rn(!ޥeHnWyZ]ӎue>xO{m2aiV(步9;WJJrs\'\0¼$@gG,zWMv|RdΌHo)7s.{!?/<\'guXK_p>`8B;X>4r\0fxFJDk}px}N־.|U5:]3|VQҤ#;K|,>x#ب\0X3둎F>f<\r{aV-5$XH;ghu 2g_zV5_CƷ٢]\"e8zW~\')h3kZ\rZrA$fA08XLLᆃ-RiO>;F#Sz?jv.bgJ<ҼSo9KH?yqlW0x.`\0S<!8^G\Z8JÞREDcԾQnZ~|]gѦ@䍖Hx_\'\ZjXRW8]^k~>9,Si:kYhq&~vvq	O\'o<-?\Z~/֗-Yqa	\0p!w:זv6}VĐ\Z(P:\0A]#7ґ\0b|[\0K(zc72%SU,0\Z)CTVƙዽC\r\'4Nѭt`7w=MlI|w933\\KMuVv0X#5GOA u@u\0=k3Xi-JY¢ԒzW=OxO<mvE齘8M}\Z\rgS-\"5Å>Ú^8\0˦|$&\ZHs+ǕjH;>z/u?h>xqIxY\'̃a0K=A^{}<{6IĞTFU\')o^}dv!ݞmOgͫxYG\\y?QV19fi??ǟ3]d>Q5~Cǵp!igfW%Gb$uKj}t9,I563ݼ˼tl8+jȡyc[60dY6	#\"~\riŅ:UL~{cf4.q@kcq>y\0Jg?Zi\'ޣ=slg%\'A\r\r&	\"\\6r:qLvR#<TdԌF~q&<وң$OZ7ךgj~FyTm@Oq^:tt	s=O4{zjkNp(bPFiv(i7O>01;5IzS0?\nPAQiI#D*SyM!8*RکXG9VjZNS[`~u۶+Z}dfBnm5V8IR}jPçV\Z}P\Zn*ZU*.\Zc2)ۈj0\'֕O8hJn)rTcKg<sZsL\0\'\"	BÝ@8.rF?J\0ʔW8i=B}iI8¨^A$~PG<\n(SHïLCIoқ~}k?#mXLqM_n\rw$LsQk	#2e{h+zU$Qgh7ĽX\r)<[>9+DOhpIvOB88<W/Q\\K\0NŤ<ap~sGNRgimI1Xiޏg-Jm$lYOQ]qm|eQ\0(O_5!Үlm9Hn\n/`gG$\'5ثj\Zy[;|5=	2\nh]-H{8,7<Bݢ=\n0*4X4Zu7f]SI?vlۑh2\"oܟ7I~f|ѷT}i6C74ivn[`TPk\rhմ3\'fqMx<I[|Ey#\\ű?r1}ԁ)8 Z߹H0A_\0)Nk>v\\%fg:=yṛJbkXأG:`K>gunNC8_gIyn한mP>l\\g?\ru{̑yת1e[}Tz}߁_S\Z.VImtqq3:bm6	FwSv?nAs>ٯ3O˓Һ+=L9ѳ>+yo`SҹhT뚎\\[H˱vɯNܣݗoi3yI_Jhچ4JIc	/8!i\n3Jl#>r\Z״J]4-;2?^0MzpNe,uM:J\"͜W~h]OT2;Exdv rz5F-\0#B7oՉ%<TS5MEʒqCRr=<Ej	=S1-PƱipJ)á\'Ү!exM!˜:X:\nQe[\'?!ܯ.UY4ިT\'m|puR=1X\r!\nr1Vbޣ}s^{wwg[qZ4v\\H̳yIVR@+50&98^ry zS\"26Qъzyj,rhiH,|\0_SoKI-S>OyjGkMt4~sg~G\'|Cs4b\0Xvg\'#BR\r|o)ppA2~	?=&$l/glSzz}~dٴp-xYY<\\Os\"CaI;{h<ٛn\0׍Z8mmxtWqb$`u`At=r^!~{6\"}|Ǔxԋ\ZTj*^K[#8@_g&\"+}FuYͨOHHR\0.Μ7>U x?[_\"L\0ǬĔc¸_3W<HҴaE3!}w짨牥m.Ͱdᇹ9	}3\0h~6d\0Ɏǖ?S_8mgx\nv»cρ?M ϴ4>BO)x;G4}>JӭlV֑G冟qI\"~讻I|6e>|\0tWY#gVu]oLЮ6TfuW4o7w~*D\0\0`Rs!1EuSSy[ːA\"źaSa\Z\Z|TD;aRJ݀j[Ju<ntdﻝyp+<wK`ͽ;Sީ&+D->3vgC>bhP#w^la+^wo6\nK+ʌ2築SOSkSLvv}z3lk^m,emK,Z}CZPrznL9dU!5:w\\j㎿wV䯧s:3Z\"\ZO qkmwz!bkk<,P;\n͔QQxt<\nRJO#SYN*# \nph]>p:{~ƗhN\r3vqQO1\'l!=;\nSSP6!zv}L`wgSF0:~t&1@@G+сF3@8)sF?:vl8PC\0SҝȤ@iO]5	ןƣLROPڦqڠq1:Չܽe+YNsҲ$1)&It2eFJ|mKF<8ܟ^6|c\'8Lk[̬%=`/sR({Uk[%C(`ONsZl0;iBj@y&\0tioNh{Qϩ*\'Man=NIȥӎU7iǁsL:\r;qvd]H۱,:#ҙ{g޳:vA{Ҕ:d$*9T>si\0t\nk=2=jBT\'8^$|H]\Zi2pLJ\0%A\02(r#m&e$?[u_.IjaTvH88e\"mcs,Ew/\0]֧+>$\0Ab$\'%#ɋh\\[w̋,2)GC) C_,mm_Wob:\'OK&<{z)_TgӽyW\0_hw?iNVQ]VgKp?{T$%Ԥ]K\0\nk&>Sɪ{ve\r*C$d3_S>8ǅo6Bx8n{`F_Hm᎓H5`<5|DG^0nQh&=ii	ȯ*u	[|tWVp\0Aۓ>kٜUI#?++67Ig{i3E,2<r)?^]r{ۗygCV,}I<\0\nI\0{\0{`~o,c+Gi?Qݫ6	=k9Fg%\rQa޼QAg~Jq_%n}6XaxzF#ӵr@ƧP+ǁWmUMjm.% 9]Ouw>ѧ\\&D@eu c^vڎxr{\"gcqZ*rH\r2MI6\"HK)(`\0{\nl}qڱ<5_K1<cq?{o>$E.p`N٠#sݾ>8N:-(ߡ|>QtZu-KKHW-KK\"#@I2o9zī,=+j`:U7Ga1Գ<:Kf^E	s,\0~A|8^;\0jM9/m4;yK7&7uӡ&K9-fx$+kS\\ȘIoAR3nšlxP+wSp~[*d\nYҚ^ƬcV.Z2S8#])@l\0$cw6xc3ǥX:\'Tҷ֞6}|=(ai8=jwc!®pw?/ȒZ[ŏ{r\n?߇+_?=Ip~t?/EO}]b1\\awWdx\0^[G\\\'_8\0e:\'}/̲_/&ǰ\Z]EQt^mC\0<~0Uݟ㳌N9N;xZyvQJf_\0<Kb	JX<K+X#@\0QRL3R2RS{i]ԣB3K\0SM&ހw\r\'$^Ew[k\n>]>с`n\0lfxHl1D>[\ZY9sWʖ=o9A]>Lgǫ¼miKe(Cϡ\0}R	#4kf$J6z\0?L`(G9>jTOF6a\';@surGx=f^nSM1#\\3d}+y\n[O#<~uv[{dUpjI\rjؿ8*=J\rÎxEHl̇E\\7A1JsϵA1fUrp=i1Lȥ{~uҘϓ3ՆÃqOGQ\Z78]An(cLsH_-=}h==i}݌y!r})9}iN:XқGn)x9rGz\0Muҕ( ޼`sK;z[}h=ZR8&sԐHJSɥqJ15ZqPw\ZҤQHAp	2T+jTaj\",[sWGJZMkGR}j㏩s֝C|9tJ(c\n\rjfTqkL\0;Z{ӱt1I*A8j_j,Up>썣B\0U9bAދh0ҟ68?(PH\0<Mr}1O `b@Ɠy4/!E;=\0Sw(\\sC*SqMئ{n#ބzΗ 4~tq\'˸G֫0,xuFHI֑fLGYGLeXg_zW~$$d1xr=1+2lRD`pA+pe{$vFaQ=I-=^T\\1$SL=A3Yz?غwj%bf!pYg\Zb5ڳHOuڴX\";NbIgip0	q[L&NxKm_$m?5x&K	hsy\"6#)hz9|ya|SCoBT\r{`zIj(߾?x\\vޥ6^FitϺsf^;,\\\"ֱ)NۓG\"J#TNHT~$xK_ZNԭ	T0=8 _~j k>Э֝9HyIٔ~L7sz8:xHݭ9$$IajM\\j\\÷k\Z޲q\\S?{?O𶭡趚ն\\˩\'vN\'T#d8<r¼ڴ=*u698\0r}JSrO9X{\\ڜ,5V8{KOr\'[ yxK=n:	.GAnxQH,E7l$q-q]热[,AP3GxBGgSOuhmamm#ݓ\'ffP2z&Iꖾ,mؒ3c߁>,;jlG&@hec\\}m\0(Ggھ!yit|a\\C4껞nwsie!@\\20 OfpñV\08S^x%jbrpI\0],\r(-u쾧<Z>,ZmݣxKWrd\"At}=n ^qcaBjki²܏\0U~UO~W?N!\0pHH6coj|={-E9nr\nPz\0^/٦;8?bAu?Az,1yՖ%\0k~3iVRM>xN7H<hz0F/\ZFKkH\"acB\nӴIl}~N_lSޗ~yϱ>+x#TUXFc4j$x=X|ƺ]#v$<Λ⾣Dmvf>ҐLwnI2*6Tez-3vOAyoZsu4v)gV\n=I4zG4oirj:֣iI@:91~z/\"MkP\\l\05w~(x.5ʫU(:6>sOr\'Ӽ\r	ԸPdotCNOj%f潺<fcMeY>31N\0gԞ另@5\".9➑\nR7lӠ\088B;vP\\d\"ʜ^dbNp3ME<;\Z\r zw揲9~;s\\@ֹoHlj\ZXwJu}/ߓWiԓ׾+ִwǭ-,>+OS\r	\n<Ggv@ݫZpNOZ֌\01\nsV\Zpr1X2RwJďV%#^Aj>\0Z@zgqӡ5V\0\'$zPA\Z)A9 o{R\rL<p)7GCJ\'4ӊ1@.\Z)h߃OP&bMߞ)cz7HҌzP00=BRSb;R\"ӇB@ŀE9<q4^=sLp$:S\'hڞ	*&⤍H8lXLЮHSps=Dbj]>~َƨBp=ӎiv5d=\rzƃvo4%-850`z_2i)\0Ҟ;=Nc9<S属}j>Ҏޙ\\D\0ޚ[8,1y\0?=[0PYܞ.1TR1ޔp\rP!rpOM8@}sJ28S&$L@[??J(fk4G~IۦHY߰\0Jh8sz\\1=n\09ք)qZ	wuZd3<|?JO?;Oh~(~!\r:P^˜,sgO}ڼ]V))&ّA\Z+=Ld+H|Ak6BLr>b=}+#\\ڼxֲ{t.1f0jٗ9\rZb{>W\05~#i:\Zqm`$\0Aoj#\ZV5ī\Z?}SCJ8[ƄĽ?ݫ|\\_?U}h&v`\Z}pwq̧WX̤]Gr>P~ {MY=q8(OXzȳĮ# A5vPt]a<O/80;	0$S\rz\0w&T\\O潱 kO֦rk4% M<`:veM\ZQC0A+Qj	S\0RKL<?.S\'>Oᖣo:\0\0h\'ڀ\\!$YꦿV?l_Q|vM{gm\0E&@>h6vm-԰̏GG*={bN>\0I[^xJRD6z3t\\]1mj[<WPC_\Zˈ%+(HyqH2F,\njQڵAjv;|5f8wNӻDA}+nTp1=𵨵AX-f^_!ga$2E,mH2k֬WGkYq6!dp\0922.ٔR\'my\rp>/\n>\0tkzkܾ\ZIGӉ\rul}\rxU5zɛխ)Y)wcas{<pFN5,}\0/\0\"#=?J|/м\roMU=Կ4oOa]1q(z\0+\ZFϷCǉ\'Z+.LO\r?KiqZB:\'~ZZx-.؎n~yȒO0A_cƒ傲>*sG\'vsOHGvT(\np-@9&r	|tj=\0SY9y/~MjV_iy=+?ߊ#V3FpWnD~V}m{4e׵92k\0ߴ/~+ܸ6c!Oݳ^e$+eܖ&c9#| +Jd?xJ?*ǑJxƢÿ~xLSNE,q{;\00FNy)==Qz! OғaԆ8s\0^\"Ö\0i!ASn1H)-=MH#;Է$䍿ҧX \0dqV\'-\0\'֮Ac^ԅB?#R g=hGaN:vzq.ae~5kqԏj%.c5A+p0x4 c|SlUزG+O0k<[eX9U4mWS\'Z^\'5VKɺ\'t;M6ǥeԾ	3]zUFFG9͖8*r3($sJ;R\0k\0\n3ޔ)#\0nwRj}97<\Z <vDd0>zG8*[zP:Ua	*S^Ց_OHr3Q`EuA܌SO\'w}:bmG3Ni bG4EC_JpoZz׎= OHx>l<R:\nK@	ȧrZU\"\0cf1S%(uRVcA.65\"ƽ851FjINפ<\"4yFZW!QV\'z4\ZհdU̬?\'5.Z\Z-zR8MH<֬$}zTXNt~TTgR4Mhzu3S~^?\nb{ERq|$RAⓓ16;QOE-CC+S	\0iu;9dS	?7OP9WB\Zj2{sҕZh^?*Aqwg\'+ߞ)8MݵrتaUmq\r[~rz5VDs\rZ2꿳_Ǥjmn<Fܟ?\Z \roKhE)y#W)=O$[\0MS6\\n?3?w!\0xҩF[3״gѧnqhB\0MjzVgpfH?x~}1ވYQ]H` g_!m^<xc,u>\0sfow\"[+asjή\\6e>½8%;)IcqE=4[B(\"Hc^\Z+)EWvBlsH!qO<Xf)Gtʿ(\0\Z=׈opK}\"Wf[|_{[UABV9qQH4ų*yE]-\'t^=&0j:m[̽{CEfYw\nC\r%ΤΗKˁ+\02EqZk|gś. S[~Khސa_=_;$~Ɣo7dT\0+>|W.KuU\0`uÏz3g$ +mapؙ1iVϰ\\VZƫtTq3/<ᯇOßz%D\n=V]x*D\'W]fOn&TЏ,5q3+Ӽ3s|Utu5i$0H$Tݖ^i{\"BjL3$ߜ|Cm/lgMpT{s޾Iv|mS^\'XTRxg>{Ǐ69C9?|iּEi\rc쟆OO]gZ\Z܇-4XĒNO#(j̷s$y.I=*E?άGM46\\#QܟZPq݀Nc> F3jb\0<Ԣ23VAԯ!c<vcVc9՘\'o>\\edj[98=[Ԍpr=EYX@Qq۔Ԣ=a\\L$\0ҕ\03Qv*6{wbRPK/ˌsM/U`sa^C\ZIO#8Ɣ\0@$a\'r3ƳnH@#zp慨jr^ Dl0z\0]y/,M<wyWy4_9Yx)`\'>UxooOƝDlB1)OPyZ/TL欺Ӯj-ɪA\'48Yo@<GJ\"$LGju8늑`9c=+,;q-9֧[RLzU$ORfц[Lv3+%#8i-M޵0R&Gُi۞kXYE8>cSj>TgAZ\0d$\0ޜmH8EP̟Jg>\"m<\nB2=jo0}L3r1BpC\n-Iw&O0=jZn0˓?N`c]:agW	.~uit2Aڽ-:gCic\\HqWHjǒ;#\n3H2GZAM\rr_&u|왵)u@COyBIaVN:d>m#8S־ONH].8G3:Y/k{dԂ<a&|Bb-߻A^\0iG\Z*/AOJ\0\01ZM	1UvN:zQ?8rp9#Zb\\\nrHi^Zq sz9<tځl)\0{F2ÎPAȠZ(\0\nwSN{ixAB\'54z}}1cGHQ=\'$\'bIQ	-9ӽ\0wG8=ONq߯1Fz|{S@LVE`wķ_-E݆9ȧ,~N>:pGJUV̤׭SSI|r{QXZX/	<?c_^ZBs-?)	_PjGSqv\r4U+aE 9v>\n8%]Uaj5CNER\0N!f̙La\0|\0ƹC\'G}Uy$$c|5\"&X$f;tcv8TE~EAեmʻц\nX\rwχ:iѬM=N|8D`SUZ-cOO;FڧKկhloA60t_Ӡ `P[#DQ(Vo\"ݻ\n鴯(\"K7]*,Nz6s\Zu΢mڝnԉ%n+z+hmP\0\0aI-~c88U^byRG[\0LEK9\ndڼ/\"k-2AarU&6\0m\0M\'-׷uSmcs+U7Aa(\\FTݾEgۻO?.jEcc% _O<s^hX5J>acc6Yo,18dTLlA\Z*u^8?,q9qU&hjЁϯJgflc	o>\\J\"J>jbp9|\n~g7N;PF9ɫF#n;Qո\'+bҭ$@NH\0*C2Ag4\09PI>qg\'ltlg}\Zp&3Oji*㏦)Gq#c1b\'\'|qQ?ɧ΢$<j^C#c<P2RGz}i|#`jdeHϯșyo0 J.ǋä3Hڸ<kr|p\0=J>3M`R7$v=MČ*a:Ex+JZd]cR\\isZ6$O֭D<H8THLW U1[@=*[qbJ+RHKeG;{ Hd8ք1R+];ocݟj3$,<qE̬sa$;9 mgRa,ڄ^}6D7.H#G<WAUחvvk?\nxoJ\0~*4h;,#;${<|-\0j\ZtVM?z\0\" \\Ss Ѹ<\ri8XY}Ngw٤V0J[Vߵ5\Z>;HjGiN@A0gG|=\\9~76|\0*|IėZ|յHl[;p\0QL^fUվ%)ȐbCCІsտYxSJ$^*R:1hj\ZOWrFH,2J;}jWta{T򼡰z\'B3)|_?]p@iBeh6\0*+o\r:O\"*~_/u	_VB>(R;G׍5bGv8WP3}B\\\\5_ݸ>Vex~ý̍\'?BqR/wr.j,zkly?W`}9e>6x\0wjt׮iֺtf;KH?v$\n?Je=j^h\0%I5oCWoclF\0(¨WIRD6IyP	9`)\0y<\ZI\\J`.)}7nBs(@0#)p99W9Rx\0\0=Ojn\0Eg4;\'K\0\0;0O9Tw֊,+m9Mc~;S[+~جߘM\'?jy\0z})߮E+CcpO`71\\s-qb4qy;~\r\\i=~l.8Z3fǀ<i{znc{Y?{8xt?Q@,f]BB:qЊe}隌	&Lq7}޵G\\}.pmF;zH>=ʰpZ%0A.M?K\0tuOorsQ$}4vp(\'4|PaҦ[lH1[?>\ZhuVD#¶	u?t:nmhE׸HN0U\0:Kz-cj}i+[DI\'4د:\n-I}lC=)ވ{X/S^Ego¨{j>[6\0ھEdǦk-[+ݏ?f\\95o\0j|RymѴf8mp\0m=ٙ9.}U78\\9\0渖;{c&XS,X ELlҥݐ]06rjЍ\n-XsWa\'1R/zոEZϿNVV6v=41Y2/mpsV 3Z\0\'<,4#\0s\0ש\0`O2y*.B=Y9l\ZkT95Mϱ\\E4\0I=*;}zm)##@O9\\z)*99!s(lV$ݞ	48rOn8c1ArzMFzp\0J?0F[xL0QaFq)8g֝ss? )A^*R=Hy9=)4#cV=¥;jArqHw0l6}X\ZM	#a _r}3gM#s*%O\0ntYMͪ[YAg{{H/OhK|*ހ;IuKe-|+u#ڼ]ԜA9\0i;.R\Z!үp%t[=2.W?+GVS?~پlpssE>ݵݫFW+E$ɲGi~յQ{:s`ϯYƣkMzW{,G.*$;9\\D]<3\'_֭\rCᦒ{\\vQZv곒~U؇ʿ?A]\0lj:\r:G\\IzǬA{	H?v~r\\ZѢ`tXkUoiYmOmd9٣vEr{}$MH>$|XA؞6Ik혪ڍŻjڍ,T\0I(\0&-O猼L\'|wjLD\\栱t3j71vF?/VEOOŏgMyC\0}޹ˍCᵎW5\r%\r7n]4lg?q[V^4ҾFg^@xtxvoSh^%i7{\085xG𞗢$3|ԼK{SXlQz^ΐjp6\0)`(+?P\n?\0hj@;%Pulef؃>ӓ-uu!a*e\Zy\0dQvNǖcrz㓗ʀZܳEkӖV\0H6v=z~#ݩUэc+M\0Z`iǖ@VVձ{Z6sQ\\HA瞴QۊOXFKpc4Z3gZ4cw5\rN\0ghe\ntsϽ[ EҘzd=)\nK\nFb\0sSw\"p-	;9Sq؜%t)+ӂrFFx	\r\"<`u\Z;n	\'>lRNsHǂI\'\"}:эH:g\0dqB& QNV7Z*v`KNRgc}yQo!СpXڣlg4FpxB)q!^Xw\0\nn۷iJ=;S\n8<aݐ1ۭ\"u$p}rzj{=s֑N)qߵ4I\\%Γ_J,JU\ZM(*:q[B\\5t~|m7ER@NLr={\r2`J3rQLmom$c^H}M~x;Z[M[JK+x>v#jGs=Qɤ?i?ĵR_(s\\0\"s(Ȯkc\n5Y.ZS7٥(k8-m	S*YWQҪE0=IQ47=Z<q\'ÿֽ׵H,c*wUMPXָ/uR+gRN\0u?Oz7ͨu--y_\0gou!S5P-ޣy=̭˳rke7Cb:e~Ѹ5ă\'Ͻ|ѨjWzėsIi3RM@,;J(r^Uw]25*:!g{u\"z+RO\0}:Vf9 *EGҭEhN\0SW*V@J]\0\r ڮ٨Y\"=)\ZU\048\"AltZU `uIT*yq`;Rk?@c\r;nA\0QyKn;sQtm&[>ʎilM6TQ`jqHd3!LDncA9@2BJdL\r b #4Ny4F9	y\'$<?@8i=9Nrr=-g4\0?Z\r@ix3JN;in{yxA\'w#3)r?8`q:ylQA&\"<pOSM(0rs(bN9#OP2+dڨ9#}*) }O;j#\rzex<P5[qզ#$DJGp?rZ@\0dW\'+S#*cnGy*hE\0%\n;5\0ʶV7Q,v2GONZ*\0@u\0\ndP$U\n\0zŹG\'❅rqp\0)NݻjI:q<[m88EYb <r=*H9$¨g	S*H<HNI8x{VJC\Z⋤Vk1sM98*)zaHP}J(!HLWjzzӕF=}{Qp(q~5&<L{N082c\03׌S<1z/r;w\'4c`\'бn&|\'&p3N#|Rhi9҅\\0),=\0F@@Ad4>S\npx\'*Gj.n>f\'٣(\"Ha)ܖ14\0=qR\\!|Wb2!\'Ƞ?w#?v1ۏcMnXǠIhI\'>ݩ\r\0F0M\rßlM\ZkB\0@Y#L!wd\\XLzgic8߁E~\0#֛ǚ\\\0\0{ѝp9BОO0&/896( 7c@!`rxsԧ0isӋc~h)M8+ךak|{)ی;T*15&HM$N@9_7hlҤm1?y`z`]m	4~|0-E4Ec|Ec~z)*F 5-wxkG\"gb^,ħx+V-G\n{0_?ĻTUَP&[hU_|K#e6(T:kskm$H:^kO^I\r\0˵N8*S]~dbq\\$hzw>w\ZkK 9Qw9}EWŚڭRrNY8f\"O8}hrb8!A?Hr*hvhX9L\0}VRՉg&Ag2iߥ[̖oLbbz)\0zQޛa\\Hzʸ\'ϥ;*0PӴEr|gsD3Ҩܞ3j\\=sSZEn5Uު<֘Җ?7OJabɸݜu\rXA<;Rn#pY3pAL%})7rH?!Nn! Aҫ]I ~4.ߥ\n\0;{YAvx{==2z8\"<\"cGM\0$\ngӚb=SN^HO|^sMӌS$qҝ~T(: sMD)a[0M89{f\0v]ғpiK!#3@)z{w\0GS4\'iHFy<cw#\0[Ѐ6>@3tMM79>ԙ$\0jJ> 16Sr.mrz\\0~*0pOҥtOZ3OJuGY;$<\\fazʄ\"ȡNf@9S:՟8\0WԮ*`l+:NܒVf\\EZͪJSMN=Oۃ7;V3⩄Lx^|Dl#tD_smۺ-)Nn՛(f*Njhӕyqi-)VB\rİ?ZnF3}Mh[_`/#ި+\\NY>.%8;ȋn@8ₘlm+D\0GiClLI]PEB3߽IJR][FvRr{[] # t e^4+߭߮NY*B7̩8jӦ{bMy	8QS߱t2\"*7c9`\0#w5kP@J#ĹUUVtSR%]^cMΪT>jSm|\'NnlbW6ԡߕ\rzp0c1Nu:OE\ng<`{ 0IlzK {\n󣄔ʝZxz$m0	#z@sI\rXmBR~U\n=1Nk\"$OU<P3XddJ:>*HOҕy58zw5,\nطsK\rU)YF.V;,,ӄn~ء8R~p\'&PaP70(F86ߥb+NҦ{&3`$wCD\0g=hĂ}OmiJeq&s;].a\0Rq߃jYbh(FyIcp2<:.uhc*4TʌO>)%\0u8z+.88C{6/#Woըsr*,v/WGK_[ӳ`=}*{)\n0Tp8\n)=ЭE(֎W\Z#f\Zbf+bp}EQEPW$@7MTcsϮ)$vl)ˁ؊v\0֊($&02\r!P!0\r3%\'Erɔ*|sEn(MB63wЈG\"\'QH,d(3&=HE\"tQ*j8Ҋ*zт\rU@S`n*돥R{\Zt*M#)\01K$w3Gjac@43GT0O9)(r= %_\0QE>pI33ELPrҕD9)%Q@-*:\nN(OqϖOzyE ^QRP6{ӃIj(bQ3BHQC+Xy<Ҋ*8<SX\0\n(4J:Ҙ0AUt$~0FxuR_1܌j(E\'=袺Ԝ8qtiՊ~Ke+>jqvkI\'wt|(VN/En}G#O\\f+12_RROH_8r\0ϛPoBAR~Z\\:7$QEoVE<rgʱ&/}(jEZ2k}+FopM\"mi$SOAɢ_\'4cb]>D^J2`8&y\'Ҋ+Z3߹԰=|n˱%S/ѐ;EtF*X]FrTi\0\"Ht#w~5ZiV\0~D?{9$7ڊ+7(տI%\Z~Uo|C\0=zS#@W(Zȡ;L Ux=<QEqГ8k.1JDy,i#9@KWӓ8\npJ;@ّy-/JU5f~A؏@c5\r}aEdcTom䳿fZipR/K346]vQ_\rQ&@(,','MotoE',7000),(12,'Gladiator Bat','\0JFIF\0\0\0\0\0\0\0\0	, %%1!(5+..:383.740.0\n\n\n\r+$ $4,-7,7-,64,,+,-,7,7+/-,,,47,4,,.43+0+.,4+75+4,5,,4\0\0\0\"\0\0\0\0\0\0\0\0\0\0\0\0\0\0\0\0A\0\0\0\0\0\0!1\"AQqar%235BR#$4CbsSt\0\0\0\0\0\0\0\0\0\0\0\0\0,\0\n\0\0\0\0\0\0\0\01!\"24AaqQ#3B\0\0\0?\0@\0\0\0\0\0\0\0\0\0\0\0ּcEmrxg?JHiLƆ5N]y5W*m&KO{Ƀ[>fz=7U\0Z\0\0\0\0\0\0\0\0\0\0\0\0\0\0\0\0\0\0\0\0\0\0\0\0W},HO\'\Z.\r;֟&w9*\0.d\0\0\0\0\0\0\0\0\0\0\0\0\0\0\0\0\0\0\0\0\0\0\0\0+/^ԋ\\>O#?/?09udK~e&H\\5^h%Y\0̀\0\0\0\0\0\0\0\0\0\0\0\0\0\0\0\0\0\0\0\0\0\0\0k;ȲZy._|?\Z.̇?o9*\0.d\0\0\0\0\0\0\0\0\0\0\0\0\0\0\0\0\0\0\0\0\0\0\0Ϗ%*oý[=1V;Z\\uݧ.sIg|mf2N(҂k=R&G*ťԣe+zJ2I\'Q[FZm\\^٩P\\3TA(JکyV{;7+:5iڏpxgg1Su&z[.yomϡ29N4[w͵}%N4u4*J=\0V\0\0\0\0\0\0\0\0\0\0\0\0\0\0\0\0\0\0\0\0\0\0\0\'5ŸN5Z}nMM}F?)\nqH4FۻJ7oSle)iN\Zu.VrMvujE,ʝMj=+p]h\0,Krx6)O-rmFv_f\09iU74Tb+\\-\068ʾn;-7X˵S|)%NIO;.nǧS3>Nh9\0\0\0\0\0\0\0\0\0\0\0\0\0\0\0\0\0\0\0\0\0\0\00*~P8F9ԋa6Դԯggm!1u|Ê,ZuJFOiMۿwcP8ݻ=5\'Z{\\\'FtםISZgHO\Zs{yM>_OҧF=#KM5tWq9#|R(ڝ-nf\ntgE?6dDq<M,.f۔8Fsv欢u/:\nMSRU>wj}MhnҢojo-$\0}\0\0\0\0\0\0\0\0\0\0\0\0\0\0\0\0\0\0\0\0\0\0\0\0eqn\'\'I88Ɵ[LYyٕbpZ&4S+F)4m.}ξ#yriӃc&SQsm[K \'Sˡe:ZvvzW\\+|^^o||7\\XI2[ԗV!Ղ~\n.Zs0n>3\rV{9鸮^78XuG\rIm\'\\ᕯ8yZrT[A;\n1wꦝ%-\0V\0\0\0\0\0\0\0\0\0\0\0\0\0\0\0\0\0\0\0\0\0\0\0**I..5$Wۧe=4QF[$صJ)isi|.2,vZ]$-UgRkSYx&ݽM%ԙۭyn\r\r5}w-s\nU=EN_Rv[Zvy ;r?N>3N]\\@\0\0\0\0\0\0\0\0\0\0\0\0\0\0\0\0\0\0\0\0\0\0\0<[VZ(ד>þj*d_~aQkm4/Bdg,^.J0~+%ͷO7m8Ivt8HSq+\rgA%vufY2꟧i-.y\0\0\0\0\0\0\0\0\0\0\0\0\0\0\0\0\0\0\0\0\0\0\0\0\0fw_1Tn_3)ȫu3,eWSh\'wAm.\Z}1/O`øvdTDw\\pY:XKtTԾT/w]0RhJ?j>(\'\ZX6\'\r4-\\*u(Z\0\'<֕L+;st誸/#6jp\0X\0\0\0\0\0\0\0\0\0\0\0\0\0\0\0\0\0\0\0\0\0\0\0I⽳U\\},\"v߱.㏹FuŰL.a\Znjڔ\\Mǵ&$1=iO&%-zާ.vWO\'ȫvRia]RjN)]k_ķ>Y7HڷOU߲3糇\0*N\0\0\0\0\0\0\0\0\0\0\0\0\0\0\0\0\0\0\0\0\0\0\0\0Џ\"=XxuS+DuUx>\"1$ׁ[BO.í4iN\ZIYwRF	r\\7ؒ6Ԍ*TzIroW?r?AI9{<5-Wb9|CH\0\0\0\0\0\0\0\0\0\0\0\0\0\0\0\0\0\0\0\0\0\0\0\0qm{S+eqprJ:^ڳo7ϰUKL}gjGzT;C5;]WyvW[Qt0mq2\0\0\0\0\0\0\0\0\0\0\0\0\0\0\0\0\0\0\0\0\0\0\0\0\0?aeÿчd\0d\0\0\0\0\0\0\0\0\0\0\0','Cricket Bat',15000);
/*!40000 ALTER TABLE `item` ENABLE KEYS */;
UNLOCK TABLES;

--
-- Table structure for table `myuseritem`
--

DROP TABLE IF EXISTS `myuseritem`;
/*!40101 SET @saved_cs_client     = @@character_set_client */;
/*!40101 SET character_set_client = utf8 */;
CREATE TABLE `myuseritem` (
  `useritemId` int(11) NOT NULL AUTO_INCREMENT,
  `myitemId` int(11) DEFAULT NULL,
  `myuserId` int(11) DEFAULT NULL,
  PRIMARY KEY (`useritemId`),
  KEY `FK7E97072A75F4C2A9` (`useritemId`),
  KEY `FK7E97072A75EF51F1` (`useritemId`),
  KEY `FK7E97072AE6F5C712` (`myitemId`),
  KEY `FK7E97072AFB675A82` (`myuserId`),
  CONSTRAINT `FK7E97072AE6F5C712` FOREIGN KEY (`myitemId`) REFERENCES `item` (`ItemId`),
  CONSTRAINT `FK7E97072AFB675A82` FOREIGN KEY (`myuserId`) REFERENCES `user` (`userId`)
) ENGINE=InnoDB AUTO_INCREMENT=33 DEFAULT CHARSET=utf8;
/*!40101 SET character_set_client = @saved_cs_client */;

--
-- Dumping data for table `myuseritem`
--

LOCK TABLES `myuseritem` WRITE;
/*!40000 ALTER TABLE `myuseritem` DISABLE KEYS */;
/*!40000 ALTER TABLE `myuseritem` ENABLE KEYS */;
UNLOCK TABLES;

--
-- Table structure for table `role`
--

DROP TABLE IF EXISTS `role`;
/*!40101 SET @saved_cs_client     = @@character_set_client */;
/*!40101 SET character_set_client = utf8 */;
CREATE TABLE `role` (
  `roleId` int(11) NOT NULL AUTO_INCREMENT,
  `roleName` varchar(255) DEFAULT NULL,
  PRIMARY KEY (`roleId`)
) ENGINE=InnoDB AUTO_INCREMENT=6 DEFAULT CHARSET=utf8;
/*!40101 SET character_set_client = @saved_cs_client */;

--
-- Dumping data for table `role`
--

LOCK TABLES `role` WRITE;
/*!40000 ALTER TABLE `role` DISABLE KEYS */;
INSERT INTO `role` VALUES (1,'admin'),(2,'user'),(3,'user'),(4,'user'),(5,'user');
/*!40000 ALTER TABLE `role` ENABLE KEYS */;
UNLOCK TABLES;

--
-- Table structure for table `user`
--

DROP TABLE IF EXISTS `user`;
/*!40101 SET @saved_cs_client     = @@character_set_client */;
/*!40101 SET character_set_client = utf8 */;
CREATE TABLE `user` (
  `userId` int(11) NOT NULL AUTO_INCREMENT,
  `password` varchar(255) DEFAULT NULL,
  `userAddress` varchar(255) DEFAULT NULL,
  `userName` varchar(255) DEFAULT NULL,
  PRIMARY KEY (`userId`)
) ENGINE=InnoDB AUTO_INCREMENT=6 DEFAULT CHARSET=utf8;
/*!40101 SET character_set_client = @saved_cs_client */;

--
-- Dumping data for table `user`
--

LOCK TABLES `user` WRITE;
/*!40000 ALTER TABLE `user` DISABLE KEYS */;
INSERT INTO `user` VALUES (1,'aa','NYC','aa'),(2,'bb','DC','bb'),(3,'cc','Miami','cc'),(4,'dd','Ohio','dd'),(5,'ee','Delhi','ee');
/*!40000 ALTER TABLE `user` ENABLE KEYS */;
UNLOCK TABLES;

--
-- Table structure for table `userbillable`
--

DROP TABLE IF EXISTS `userbillable`;
/*!40101 SET @saved_cs_client     = @@character_set_client */;
/*!40101 SET character_set_client = utf8 */;
CREATE TABLE `userbillable` (
  `USER_ID` int(11) NOT NULL DEFAULT '0',
  `BILLABLE_ID` int(11) NOT NULL,
  `userbillableId` int(11) NOT NULL AUTO_INCREMENT,
  PRIMARY KEY (`userbillableId`),
  KEY `FK111206EC4C9ADB5F` (`BILLABLE_ID`),
  KEY `FK111206ECE8C4F9BF` (`USER_ID`),
  KEY `BILLABLE_ID` (`BILLABLE_ID`),
  CONSTRAINT `FK111206EC4C9ADB5F` FOREIGN KEY (`BILLABLE_ID`) REFERENCES `billable` (`billableId`),
  CONSTRAINT `FK111206ECE8C4F9BF` FOREIGN KEY (`USER_ID`) REFERENCES `user` (`userId`)
) ENGINE=InnoDB AUTO_INCREMENT=15 DEFAULT CHARSET=utf8;
/*!40101 SET character_set_client = @saved_cs_client */;

--
-- Dumping data for table `userbillable`
--

LOCK TABLES `userbillable` WRITE;
/*!40000 ALTER TABLE `userbillable` DISABLE KEYS */;
INSERT INTO `userbillable` VALUES (2,9,9),(3,10,10),(4,11,11),(5,12,12),(2,13,13),(2,14,14);
/*!40000 ALTER TABLE `userbillable` ENABLE KEYS */;
UNLOCK TABLES;

--
-- Table structure for table `useritem`
--

DROP TABLE IF EXISTS `useritem`;
/*!40101 SET @saved_cs_client     = @@character_set_client */;
/*!40101 SET character_set_client = utf8 */;
CREATE TABLE `useritem` (
  `USER_ID` int(11) DEFAULT NULL,
  `ITEM_ID` int(11) NOT NULL,
  PRIMARY KEY (`ITEM_ID`),
  UNIQUE KEY `ITEM_ID` (`ITEM_ID`),
  KEY `FKF3F3619E6FA754BF` (`ITEM_ID`),
  KEY `FKF3F3619EE8C4F9BF` (`USER_ID`),
  CONSTRAINT `FKF3F3619E6FA754BF` FOREIGN KEY (`ITEM_ID`) REFERENCES `item` (`ItemId`),
  CONSTRAINT `FKF3F3619EE8C4F9BF` FOREIGN KEY (`USER_ID`) REFERENCES `user` (`userId`)
) ENGINE=InnoDB DEFAULT CHARSET=utf8;
/*!40101 SET character_set_client = @saved_cs_client */;

--
-- Dumping data for table `useritem`
--

LOCK TABLES `useritem` WRITE;
/*!40000 ALTER TABLE `useritem` DISABLE KEYS */;
/*!40000 ALTER TABLE `useritem` ENABLE KEYS */;
UNLOCK TABLES;

--
-- Table structure for table `userrole`
--

DROP TABLE IF EXISTS `userrole`;
/*!40101 SET @saved_cs_client     = @@character_set_client */;
/*!40101 SET character_set_client = utf8 */;
CREATE TABLE `userrole` (
  `USER_ID` int(11) NOT NULL DEFAULT '0',
  `ROLE_ID` int(11) NOT NULL,
  PRIMARY KEY (`USER_ID`,`ROLE_ID`),
  UNIQUE KEY `ROLE_ID` (`ROLE_ID`),
  KEY `FKF3F76701439A35DF` (`ROLE_ID`),
  KEY `FKF3F76701E8C4F9BF` (`USER_ID`),
  CONSTRAINT `FKF3F76701439A35DF` FOREIGN KEY (`ROLE_ID`) REFERENCES `role` (`roleId`),
  CONSTRAINT `FKF3F76701E8C4F9BF` FOREIGN KEY (`USER_ID`) REFERENCES `user` (`userId`)
) ENGINE=InnoDB DEFAULT CHARSET=utf8;
/*!40101 SET character_set_client = @saved_cs_client */;

--
-- Dumping data for table `userrole`
--

LOCK TABLES `userrole` WRITE;
/*!40000 ALTER TABLE `userrole` DISABLE KEYS */;
INSERT INTO `userrole` VALUES (1,1),(2,2),(3,3),(4,4),(5,5);
/*!40000 ALTER TABLE `userrole` ENABLE KEYS */;
UNLOCK TABLES;

--
-- Dumping routines for database 'test'
--
/*!40103 SET TIME_ZONE=@OLD_TIME_ZONE */;

/*!40101 SET SQL_MODE=@OLD_SQL_MODE */;
/*!40014 SET FOREIGN_KEY_CHECKS=@OLD_FOREIGN_KEY_CHECKS */;
/*!40014 SET UNIQUE_CHECKS=@OLD_UNIQUE_CHECKS */;
/*!40101 SET CHARACTER_SET_CLIENT=@OLD_CHARACTER_SET_CLIENT */;
/*!40101 SET CHARACTER_SET_RESULTS=@OLD_CHARACTER_SET_RESULTS */;
/*!40101 SET COLLATION_CONNECTION=@OLD_COLLATION_CONNECTION */;
/*!40111 SET SQL_NOTES=@OLD_SQL_NOTES */;

-- Dump completed on 2014-11-25 20:16:10
